article_url,article_title,meta_description,section,authors,publish_date,modified_date,canonical_link,top_image,is_opinion
https://www.msn.com/en-us/sports/olympics/key-moments-from-final-day-of-the-olympic-games/ar-AAN4AKg?ocid=BingNews,Key moments from final day of the Olympic Games,Here's what you missed from Day 16 of the 2020 Summer Olympics in Tokyo.,,"['Abc News', 'Alex Scott', 'August']",,,https://abcnews.go.com/Sports/key-moments-final-day-olympic-games/story?id=79340335,https://s.abcnews.com/images/International/medals-02-as-nc-210808_1628423560187_hpMain_16x9_992.jpg,false
https://www.msn.com/en-us/news/politics/ex-justice-dept-head-described-trump-s-election-pressure-campaign-senator/ar-AAN4GaQ?ocid=BingNews,Ex-Justice Dept head described Trump’s election pressure campaign-senator,"Former President Donald Trump mounted an intense pressure campaign on the U.S. Justice Department to overturn his election defeat in his final weeks in office, the department's head during that time testified to lawmakers, a senior Senate Democrat said on Sunday.",United States,['Jan Wolfe'],2021-08-09 09:44:41+00:00,2021-08-09T09:46:01.834Z,https://www.reuters.com/world/us/ex-justice-dept-head-described-trumps-election-pressure-campaign-senator-2021-08-08/,https://www.reuters.com/resizer/lU2JKQiBW_3YzMwZh0ZaLcCoxBc=/800x419/smart/filters:quality(80)/cloudfront-us-east-2.images.arcpublishing.com/reuters/YZKXCNPGWRICBNM5XARJLMHFKU.jpg,
https://www.msn.com/en-us/news/politics/guests-at-obama-birthday-party-delete-instagram-posts-after-former-president-seen-dancing-at-epic-bash/ar-AAN4L4A?ocid=BingNews,Guests at Obama birthday party delete Instagram posts after former president seen dancing at 'epic' bash,A guest at former President Barack Obama’s 60th birthday bash said he was forced to delete Instagram photos he posted of himself at the star-studded event on Martha's Vineyard Saturday night.,,['Jessica Chasmar'],,2021-08-08T20:42:13-04:00,https://www.foxnews.com/politics/obama-birthday-party-guests-delete-instagram-posts-marthas-vineyard,https://static.foxnews.com/foxnews.com/content/uploads/2021/08/Obama-Tent-THUMB.jpg,false
https://www.msn.com/en-us/sports/olympics/us-tops-overall-and-gold-medal-count-in-tokyo-thanks-in-part-to-womens-dominance/ar-AAN4gm9?ocid=BingNews,"US tops overall and gold medal count in Tokyo, thanks in part to women's dominance","The U.S. finished the Tokyo Olympics with 113 overall medals to China's 88, and American women won 66 of those medals.",,[],2021-08-08 00:00:00,,https://www.usatoday.com/story/sports/olympics/2021/08/08/us-led-women-tops-china-final-medal-count-tokyo-olympics/5529603001/,"https://www.gannett-cdn.com/presto/2021/08/08/USAT/a08aaff6-9d06-4348-9fc7-767c7300b285-USATSI_16520174.jpg?crop=4710,2649,x1,y133&width=3200&height=1800&format=pjpg&auto=webp",false
https://www.msn.com/en-us/news/us/florida-s-largest-school-districts-set-mask-mandates-but-with-a-twist/ar-AAN4FzH?ocid=BingNews,"Florida's largest school districts impose mask mandates, but some students can opt out","Florida's largest school districts impose mask mandates, but students can opt out .",,"['Abc News', 'Will Mcduffie', 'August']",,,https://abcnews.go.com/US/floridas-largest-school-districts-impose-mask-mandates-students/story?id=79349671,https://s.abcnews.com/images/US/florida-back-to-school-file-zp-jef-210808_1628429488418_hpMain_16x9_992.jpg,false
https://www.msn.com/en-us/news/world/taliban-seizes-kunduz-first-major-afghan-city-to-fall-in-vacuum-left-by-us-troop-withdrawal/ar-AAN4tyC?ocid=BingNews,"Taliban seizes Kunduz, first major Afghan city to fall in vacuum left by US troop withdrawal","The Taliban has seized control of Kunduz in northern Afghanistan, local officials told CNN on Sunday. It is the first major city to fall to the insurgent group since they began their offensive in May, and marks a big blow to the Afghan government.",asia,"['Jennifer Hauser', 'Tara John', 'Nick Paton Walsh']",2021-08-08 00:00:00,2021-08-08T20:55:41Z,https://www.cnn.com/2021/08/08/asia/afghanistan-taliban-kunduz-intl/index.html,https://cdn.cnn.com/cnnnext/dam/assets/210808042159-afghan-special-force-kunduz-0723-super-tease.jpg,false
https://www.msn.com/en-us/news/politics/us-senate-trudges-toward-passing-1-trillion-infrastructure-bill/ar-AAN4RVR?ocid=BingNews,$1 trillion U.S. infrastructure bill inches ahead with Senate votes,The U.S. Senate on Sunday took two more steps toward passing a $1 trillion bipartisan infrastructure bill by blessing the details of the largest U.S. investment in roads and bridges in decades and by moving to limit debate on the overall measure.,United States,"['Richard Cowan Arshad Mohammed', 'Richard Cowan', 'Arshad Mohammed']",2021-08-09 02:16:47+00:00,2021-08-09T02:17:02.843Z,https://www.reuters.com/world/us/us-senate-inches-toward-passing-1-trillion-infrastructure-bill-2021-08-09/,https://www.reuters.com/resizer/bBEf_fkahpWkhWq3rJJtO0asfeI=/800x419/smart/filters:quality(80)/cloudfront-us-east-2.images.arcpublishing.com/reuters/TTTFLJVFY5MNFLH337HL3P6DBE.jpg,
https://www.msn.com/en-us/sports/olympics/tokyo-passes-olympic-baton-to-paris-after-imperfect-irrepressible-games/ar-AAN3M7z?ocid=BingNews,"Tokyo passes Olympic baton to Paris after imperfect, irrepressible games","Tokyo passed the Olympic baton to Paris on Sunday after staging an imperfect, irrepressible games like no other.",,['Corky Siemaszko Is A Senior Writer For Nbc News Digital.'],2021-08-08 13:50:00+00:00,Mon Aug 09 2021 16:36:30 GMT+0000 (UTC),https://www.nbcnews.com/news/olympics/tokyo-olympics-closing-ceremony-set-bring-imperfect-irrepressible-games-end-n1276009,"https://media-cldnry.s-nbcnews.com/image/upload/t_nbcnews-fp-1200-630,f_auto,q_auto:best/newscms/2021_31/3497609/210808-olympics-closing-ceremony-al-0921.jpg",false
https://www.msn.com/en-us/sports/ncaafb/legendary-florida-state-coach-bobby-bowden-dies-at-91/ar-AAN4vii?ocid=BingNews,"Bobby Bowden, folksy coach of Florida St dynasty, dies at 91","Bobby Bowden did it all. Not only did he put Florida State on the map by taking the Seminoles from afterthought to dynasty, he left an indelible mark on the game with a rare combination of coaching acumen, gracious demeanor and a compassion for those he coached and competed against.",Sports,['Steve Reed'],2021-08-08 11:04:54+00:00,2021-08-09T00:57:07Z,https://apnews.com/6c8d77af3cbe145cd4ff08fb6ed0a6ed,https://storage.googleapis.com/afs-prod/media/ecc77a2307414e3c93583693f3fc4578/3000.jpeg,
https://www.msn.com/en-us/news/us/dixie-fire-mushrooms-into-second-largest-wildfire-in-california-history/ar-AAN4Tkf?ocid=BingNews,Dixie Fire mushrooms into second-largest wildfire in California history,"The fire consumed the historical town of Greenville, Calif., and continues to threaten nearly 14,000 buildings, according to Cal Fire, the state firefighting agency.",National,[],2021-08-08 00:00:00,2021-08-09T03:36:25.007Z,https://www.washingtonpost.com/nation/2021/08/08/dixie-fire-california/,https://www.washingtonpost.com/wp-apps/imrs.php?src=https://arc-anglerfish-washpost-prod-washpost.s3.amazonaws.com/public/7N4EUXHXXEI6XJRWDDFMLGUY3Q.jpg&w=1440,false
https://www.msn.com/en-us/news/world/us-calls-in-airstrikes-to-defend-afghan-allies-amid-exit/ar-AAN3Bbg?ocid=BingNews,Are you a robot?,,,[],2021-08-07 00:00:00,,,,
https://www.msn.com/en-us/sports/nfl/ben-roethlisberger-wishes-he-had-more-time-with-steelers-hof-hc-bill-cowher/ar-AAN4QOQ?ocid=BingNews,Ben Roethlisberger wishes he had more time with Steelers HOF HC Bill Cowher,SiriusXM NFL Radio stopped in Pittsburgh and got a chance to talk to Steelers QB Ben Roethlisberger about legendary HC Bill Cowher.,,"['Allison Koehler', 'August', 'Pm Et']",2021-08-08 00:00:00,2021-08-08T21:13:10+00:00,https://steelerswire.usatoday.com/2021/08/08/ben-roethlisberger-bill-cowher-pro-football-hall-fame-pittsburgh-steelers/,https://steelerswire.usatoday.com/wp-content/uploads/sites/76/2020/09/0c1cfc72a9e3da11af9f0014c2589dfb.jpg?w=1024&h=576&crop=1,
https://www.msn.com/en-us/sports/nfl/all-pro-cb-howard-agrees-to-reworked-contract-with-dolphins/ar-AAN4Tfo?ocid=BingNews,All-Pro CB Howard agrees to reworked contract with Dolphins,"MIAMI GARDENS, Fla. (AP) — All-Pro cornerback Xavien Howard agreed to a restructured contract with the Miami Dolphins 12 days after he had requested a trade. The agreement allows Howard to earn up to $3.5 million in new incentives this year, with more guaranteed money in 2022.",Sports,['Alain Poupart'],2021-08-08 15:47:17+00:00,2021-08-08T20:00:21Z,https://apnews.com/7e8b72f890948534afba8908124ec421,https://storage.googleapis.com/afs-prod/media/f827b85b94ba4332ad6060b6af7c88f9/2000.jpeg,
https://www.msn.com/en-us/sports/nfl/we-did-it-jimmy-johnson-thanks-cowboys-owner-jerry-jones-in-hall-of-fame-speech/ar-AAN4SIE?ocid=BingNews,'We did it:' Jimmy Johnson thanks Cowboys owner Jerry Jones in Hall of Fame speech,"The emotional Dallas coach thanked plenty, but also spoke about relationships, believing instead of dreaming, and using your time wisely.",,"['Todd Brock', 'August', 'Am Ct']",2021-08-08 00:00:00,2021-08-08T15:05:20+00:00,https://cowboyswire.usatoday.com/2021/08/08/we-did-it-jimmy-johnson-thanks-cowboys-owner-jerry-jones-hall-of-fame-speech/,https://cowboyswire.usatoday.com/wp-content/uploads/sites/73/2021/08/USATSI_16531500.jpg?w=1024&h=576&crop=1,
https://www.msn.com/en-us/sports/olympics/us-tops-overall-and-gold-medal-count-in-tokyo-thanks-in-part-to-women-s-dominance/ar-AAN4gm9?ocid=BingNews,"US tops overall and gold medal count in Tokyo, thanks in part to women's dominance","The U.S. finished the Tokyo Olympics with 113 overall medals to China's 88, and American women won 66 of those medals.",,[],2021-08-08 00:00:00,,https://www.usatoday.com/story/sports/olympics/2021/08/08/us-led-women-tops-china-final-medal-count-tokyo-olympics/5529603001/,"https://www.gannett-cdn.com/presto/2021/08/08/USAT/a08aaff6-9d06-4348-9fc7-767c7300b285-USATSI_16520174.jpg?crop=4710,2649,x1,y133&width=3200&height=1800&format=pjpg&auto=webp",false
https://www.msn.com/en-us/sports/motorsports/crew-chiefs-for-nos-9-20-ejected-at-watkins-glen-elliott-bell-to-start-from-rear/ar-AAN4Ter?ocid=BingNews,"Crew chiefs for Nos. 9, 20 ejected at Watkins Glen",Chase Elliott's quest for a three-peat at Watkins Glen International will have to begin from the rear of the field.,,['Staff Report'],2021-08-08 00:00:00,2021-08-08T17:51:54+00:00,https://www.nascar.com/news-media/2021/08/08/cup-series-2021-watkins-glen-elliott-bell-pre-race-inspection/,https://www.nascar.com/wp-content/uploads/sites/7/fbrfg/apple-touch-icon.png,
https://www.msn.com/en-us/sports/ncaafb/michigan-football-makes-top-6-for-4-star-db-in-sec-country/ar-AAN4NNC?ocid=BingNews,Michigan football makes top 6 for 4-star DB in SEC country,Michigan football is the northernmost program to make the cut for the Louisiana-based four-star cornerback.,,"['Isaiah Hole', 'August', 'Am Et']",2021-08-08 00:00:00,2021-08-08T15:45:52+00:00,https://wolverineswire.usatoday.com/2021/08/08/michigan-football-recruiting-austin-ausberry-top-6-alabama-lsu-florida-auburn-notre-dame/,https://wolverineswire.usatoday.com/wp-content/uploads/sites/26/2021/01/RN_WolverinesWire.png?w=1024&h=576&crop=1,
https://www.msn.com/en-us/sports/nfl/texans-defensive-coordinator-lovie-smith-says-getting-turnovers-begins-with-mindset/ar-AAN4Lht?ocid=BingNews,Texans defensive coordinator Lovie Smith says getting turnovers begins with mindset,"Houston Texans defensive coordinator Lovie Smith says in order to get turnovers, you must first define how you view takeaways.",,"['Mark Lane', 'August', 'Am Ct']",2021-08-08 00:00:00,2021-08-08T15:49:33+00:00,https://texanswire.usatoday.com/2021/08/08/texans-lovie-smith-getting-turnovers-mindset/,https://texanswire.usatoday.com/wp-content/uploads/sites/54/2021/07/52abaac11935461cb60f6092494cccca.jpg?w=1024&h=576&crop=1,
https://www.msn.com/en-us/sports/olympics/team-usa-medal-haul-american-women-led-the-way/ar-AAN4I0E?ocid=BingNews,Team USA Medal Haul: American Women Led the Way,BeyoncÃ© must have been onto something when she said girls run the world.,,[],,2021-08-08T18:30:01-04:00,https://www.nbcphiladelphia.com/news/sports/tokyo-summer-olympics/team-usa-medal-haul-american-women-led-the-way/2919293/,https://www.nbcsports.com/sites/rsnunited/files/styles/metatags_opengraph/public/article/hero/biles-felix-ledecky_11.jpg,
https://www.msn.com/en-us/sports/nfl/see-it-giants-kadarius-toney-launches-55-yard-bomb/ar-AAN4VD6?ocid=BingNews,See it: Giants' Kadarius Toney launches 55-yard bomb,Watch New York Giants rookie WR Kadarius Toney effortlessly launch a 55-yard throw during Saturday's practice.,,"['Dan Benton', 'John Fennelly', 'August', 'Am Et']",2021-08-08 00:00:00,2021-08-08T09:25:13+00:00,https://giantswire.usatoday.com/2021/08/08/new-york-giants-kadarius-toney-launches-55-yard-throw-video/,https://giantswire.usatoday.com/wp-content/uploads/sites/67/2021/05/db631a0ea64740a1a51399c5fd2c1dfa.jpg?w=1024&h=576&crop=1,
https://www.msn.com/en-us/sports/nfl/chiefs-training-camp-practice-moves-indoors-due-to-inclement-weather/ar-AAN4QEV?ocid=BingNews,Chiefs training camp practice moves indoors due to inclement weather,"Chiefs training camp practice moved inside due to inclement weather on Sunday. There will be a makeup date, though.",,"['Charles Goldman', 'Ed Easton Jr.', 'August', 'Am Ct']",2021-08-08 00:00:00,2021-08-08T15:44:44+00:00,https://chiefswire.usatoday.com/2021/08/08/kansas-city-chiefs-training-camp-practice-moved-indoors-lightning-in-the-area/,https://chiefswire.usatoday.com/wp-content/uploads/sites/70/2021/07/USATSI_16467482.jpg?w=1024&h=576&crop=1,
https://www.msn.com/en-us/sports/mlb/yankees-first-baseman-anthony-rizzo-who-declined-vaccine-with-cubs-tests-positive-for-covid-19/ar-AAN4GMG?ocid=BingNews,"Yankees first baseman Anthony Rizzo, who declined vaccine with Cubs, tests positive for COVID-19","Anthony Rizzo, who chose not to receive the COVID-19 vaccine, tested positive for the coronavirus, New York Yankees manager Aaron Boone said Sunday.",,[],2021-08-08 00:00:00,,https://www.usatoday.com/story/sports/mlb/yankees/2021/08/08/anthony-rizzo-covid-19-yankees/5530581001/,"https://www.gannett-cdn.com/presto/2021/08/08/USAT/d284bba8-8713-4289-830b-01a2f0a9d679-USATSI_16499602.jpg?crop=5825,3277,x0,y0&width=3200&height=1801&format=pjpg&auto=webp",false
https://www.msn.com/en-us/health/medical/just-over-half-of-the-us-is-now-fully-vaccinated-for-covid-19-nearly-8-months-after-the-first-vaccine-was-authorized/ar-AAN4Njq?ocid=BingNews,Just over half of the US is now fully vaccinated for COVID-19 nearly 8 months after the first vaccine was authorized,US officials are working to push the vaccine and stress its safety amid continued vaccine hesitancy among some Americans.,,['Connor Perrett'],2021-08-08 00:00:00,2021-08-08T14:55:02Z,https://www.businessinsider.com/over-half-of-us-population-vaccinated-for-covid-19-2021-8,https://i.insider.com/610fe80438aff70018907192?width=1200&format=jpeg,false
https://www.msn.com/en-us/news/us/floridas-largest-school-districts-set-mask-mandates-but-some-students-can-opt-out/ar-AAN4FzH?ocid=BingNews,"Florida's largest school districts impose mask mandates, but some students can opt out","Florida's largest school districts impose mask mandates, but students can opt out .",,"['Abc News', 'Will Mcduffie', 'August']",,,https://abcnews.go.com/US/floridas-largest-school-districts-impose-mask-mandates-students/story?id=79349671,https://s.abcnews.com/images/US/florida-back-to-school-file-zp-jef-210808_1628429488418_hpMain_16x9_992.jpg,false
https://www.msn.com/en-us/news/us/these-5-figures-show-how-bad-the-us-covid-19-surge-is-but-experts-say-we-can-turn-things-around/ar-AAN4bek?ocid=BingNews,These 5 figures show how bad the US Covid-19 surge is. But experts say we can turn things around,"As the rate of Covid-19 vaccinations climbed and new infection numbers plummeted in spring, many Americans thought they were in for a carefree summer. But lagging vaccinations and a highly contagious new variant dragged the US back into a vicious Covid-19 surge -- one that's prompted new mask mandates and measures and still shows no signs of slowing down.",,['Christina Maxouris'],2021-08-08 00:00:00,2021-08-08T22:41:56Z,https://www.cnn.com/2021/08/08/us/five-figures-us-summer-covid-surge/index.html,https://cdn.cnn.com/cnnnext/dam/assets/210806162654-arkansas-covid-hospital-super-169.jpg,
https://www.msn.com/en-us/news/us/i-signed-up-for-hard-hampton-police-chief-mark-talbot-says-it-s-a-new-era-for-policing/ar-AAN4BFR?ocid=BingNews,‘I signed up for hard’: Hampton police chief Mark Talbot says it’s a new era for policing,"Mark Talbot took the reins in Hampton on July 6 — and during a challenging era for policing. He says he’s fully aware of some key issues on his plate: lagging recruitment, surging gun violence and reinforcing public trust.","Courts & Crime, News, Local Government & Politics, Government & Politics, Hampton, Our communities",['Lisa Vernon Sparks'],2021-08-08 00:00:00,,https://www.dailypress.com/news/crime/dp-nw-hampton-police-chief-talbot-20210808-yumzzwzbv5akdk7qlnbg2cg23m-story.html,https://www.dailypress.com/resizer/h3XYjcfUtn1N11Js5z8imwY7rA4=/1200x0/top/cloudfront-us-east-1.images.arcpublishing.com/tronc/77WJCGPLGNGSDJVTKE7HDLPOYY.jpg,false
https://www.msn.com/en-us/news/us/delta-variant-fuels-anxiety-and-mask-debates-us-now-averaging-100000-new-covid-19-infections-a-day/ar-AAMrNBT?ocid=BingNews,Two major Boston museums require all workers be vaccinated; Fauci says Americans can expect to see more children with COVID,The latest news and guidance on the state of the COVID-19 pandemic across New England and beyond.,Metro,['Who To Decide On Authorizing Indian-Made Vaccine'],2021-07-22 00:00:00,,https://www.bostonglobe.com/2021/07/22/metro/baker-says-he-plans-no-changes-covid-19-policies-cambridge-officials-urge-residents-wear-masks/,https://bostonglobe-prod.cdn.arcpublishing.com/resizer/axnik5q69sf13kexCcYkc_YFwAU=/506x0/cloudfront-us-east-1.images.arcpublishing.com/bostonglobe/J7WZV2MMVCCCLVCPRAROCOMBDQ.jpg,false
https://www.msn.com/en-us/news/politics/guests-at-obama-birthday-party-delete-instagram-posts-after-former-president-seen-dancing-at-epic-bash/ar-AAN4L4A?ocid=BingNews,Guests at Obama birthday party delete Instagram posts after former president seen dancing at 'epic' bash,A guest at former President Barack Obama’s 60th birthday bash said he was forced to delete Instagram photos he posted of himself at the star-studded event on Martha's Vineyard Saturday night.,,['Jessica Chasmar'],,2021-08-08T20:42:13-04:00,https://www.foxnews.com/politics/obama-birthday-party-guests-delete-instagram-posts-marthas-vineyard,https://static.foxnews.com/foxnews.com/content/uploads/2021/08/Obama-Tent-THUMB.jpg,false
https://www.msn.com/en-us/health/medical/considering-a-concierge-doctor-in-tampa-bay-we-talk-to-a-few/ar-AAN4XZb?ocid=BingNews,Considering a concierge doctor in Tampa Bay? We talk to a few,"For a fee, patients get enhanced availability and unlimited primary care services.",,"['Tampa Publishing Company', 'Maggie Duffy', 'Arts', 'Music Reporter']",2021-08-08 00:00:00,,https://www.tampabay.com/news/health/2021/08/08/considering-a-concierge-doctor-in-tampa-bay-we-talk-to-a-few/,https://www.tampabay.com/resources/images/tampa-bay-times-fallback.png,
https://www.msn.com/en-us/news/us/gop-senator-says-he-disagrees-with-desantis-ban-on-school-mask-mandates/ar-AAN4SJR?ocid=BingNews,Senator Bill Cassidy Says He Disagrees With Ron DeSantis’ Mask Mandate Ban,"Senator Bill Cassidy (R., La.) said Sunday that he disagrees with Florida governor Ron DeSantis’s recent order that bans mask mandates in local schools.",,"['Brittany Bernstein', 'Rich Lowry', 'Andrew C. Mccarthy', 'John Mccormack', 'Jim Geraghty', 'Philip Klein', 'John Podhoretz', 'Caroline Downey', 'Ryan Mills', 'Kyle Smith']",2021-08-08 14:58:01+00:00,2021-08-08T15:37:04+00:00,https://www.nationalreview.com/news/gop-senator-says-he-disagrees-with-desantis-ban-on-school-mask-mandates/,https://www.nationalreview.com/wp-content/uploads/2021/02/Bill-Cassidy.jpg?fit=2057%2C1200,false
https://www.msn.com/en-us/sports/ncaafb/bobby-bowden-dies-legendary-coach-built-florida-state-into-college-football-powerhouse/ar-AAN4zJe?ocid=BingNews,Bobby Bowden dies: Legendary coach built Florida State into college football powerhouse,"Bobby Bowden, the Hall of Fame football coach who led Florida State to two national championships, won 377 games, second only to Joe Paterno.",,[],2021-08-08 00:00:00,,https://www.usatoday.com/story/sports/ncaaf/2021/08/08/bobby-bowden-dies-legendary-florida-state-football-coach/5529765001/,https://www.gannett-cdn.com/-mm-/ada1e26f06bf7e0b5f178ff1bd0cea2a5f9af46e/c=0-178-3506-2159/local/-/media/2018/04/14/Tallahassee/Tallahassee/636593329830881060-FSU-GG-4.jpg?width=3200&height=1809&fit=crop&format=pjpg&auto=webp,false
https://www.msn.com/en-us/news/us/the-us-hasnt-okd-boosters-for-those-who-got-the-jandj-vaccine-but-some-are-getting-one-anyway/ar-AAN4mIL?ocid=BingNews,The U.S. hasn't OK'd boosters for those who got the J&J vaccine. But some are getting one anyway.,The CDC and the FDA have not authorized booster shots for people who got the Johnson & Johnson vaccination. But some who received J&J shots are getting boosters.,,"['Daniel Arkin Is A Reporter For Nbc News Who Focuses On Popular Culture', 'The Entertainment Industry', 'Particularly Film']",2021-08-08 08:42:00+00:00,Tue Aug 10 2021 13:12:55 GMT+0000 (UTC),https://www.nbcnews.com/news/us-news/u-s-hasn-t-ok-d-boosters-those-who-got-n1276225,"https://media-cldnry.s-nbcnews.com/image/upload/t_nbcnews-fp-1200-630,f_auto,q_auto:best/newscms/2021_31/3497255/210806-jj-vaccine-mb-1548.jpg",false
https://roanoke.com/news/local/book-windfall-starts-first-chapter-of-new-blacksburg-business/article_56c03b0a-f543-11eb-adcd-a3560fe03a90.html,Book windfall starts first chapter of new Blacksburg business,Blacksburg Books is the town's first independent bookstore to open in years.,,"['Su Clauson-Wicker Special To The Roanoke Times', 'Matt Gentry Photos', 'The Roanoke Times', 'Matt Gentry']",,,https://roanoke.com/news/local/book-windfall-starts-first-chapter-of-new-blacksburg-business/article_56c03b0a-f543-11eb-adcd-a3560fe03a90.html,https://bloximages.newyork1.vip.townnews.com/roanoke.com/content/tncms/assets/v3/editorial/9/b8/9b8eaed0-f3d4-11eb-b25b-d3f4a222eed5/61085cd354791.image.jpg?crop=1531%2C861%2C0%2C245&resize=1120%2C630&order=crop%2Cresize,
https://www.msn.com/en-us/news/us/steppin-e2-80-99-out-2021-back-in-blacksburg/ar-AAN21XH?ocid=BingNews,Steppin’ Out 2021 back in Blacksburg,"The town expects anywhere from 30,000 to 40,000 people during the two-day event.",,[],2021-08-06 00:00:00,,https://www.wdbj7.com/2021/08/06/steppin-out-2021-kicks-off-blacksburg/,https://gray-wdbj-prod.cdn.arcpublishing.com/resizer/L0T5EY3VU8ss79hRAlwLOlC2WC4=/980x0/smart/filters:quality(85)/cloudfront-us-east-1.images.arcpublishing.com/gray/IOFIPM63BBDSZAOR7HNVMO2CIE.png,
https://www.msn.com/en-us/news/us/changes-coming-to-busy-intersection-in-blacksburg/ar-AAMZ4uA?ocid=BingNews,Changes coming to busy intersection in Blacksburg,The town is restriping the Prices Fork Road/Toms Creek Road/Stanger Street intersection to make it more bicyclist-friendly.,,[],2021-08-05 00:00:00,,https://www.wdbj7.com/2021/08/05/changes-are-coming-busy-intersection-blacksburg/,https://gray-wdbj-prod.cdn.arcpublishing.com/resizer/bd5wgHj7EFmCqyPvw8DyH4vWGUk=/980x0/smart/filters:quality(85)/cloudfront-us-east-1.images.arcpublishing.com/gray/CULYCGPW7NA63IRBUK4HWBMA54.png,
https://roanoke.com/business/local/business-intel-sugar-magnolia-opens-roanoke-location/article_cf573d14-f4a5-11eb-afd7-0b50f49f2aaf.html,Business Intel: Sugar Magnolia opens Roanoke location,"Sugar Magnolia, which offers ice cream, chocolates, paper goods and gifts, opened its Roanoke store last month.",,"['Casey Fabris Casey.Fabris Roanoke.Com', 'Casey Fabris', 'The Roanoke Times']",,,https://roanoke.com/business/local/business-intel-sugar-magnolia-opens-roanoke-location/article_cf573d14-f4a5-11eb-afd7-0b50f49f2aaf.html,https://bloximages.newyork1.vip.townnews.com/roanoke.com/content/tncms/assets/v3/editorial/b/c1/bc157b42-f4a7-11eb-b76a-af794406b4c1/6109bf6141430.image.jpg?crop=1662%2C935%2C0%2C156&resize=1120%2C630&order=crop%2Cresize,
https://www.msn.com/en-us/news/us/90-25-of-virginia-tech-students-fully-vaccinated-ahead-of-friday-deadline/ar-AAMZ6o8?ocid=BingNews,90% of Virginia Tech students fully vaccinated ahead of Friday deadline,A university spokesperson said another 3-4% have filed for a religious or medical exemption.,,[],2021-08-05 00:00:00,,https://www.wdbj7.com/2021/08/05/90-virginia-tech-students-fully-vaccinated-ahead-friday-deadline/,https://gray-wdbj-prod.cdn.arcpublishing.com/resizer/nnbPFQ7TL01tsEdX47WhvcsNDng=/980x0/smart/filters:quality(85)/cloudfront-us-east-1.images.arcpublishing.com/gray/AUUIK5NVV5EPJOHTPAXEF4JAXU.PNG,
https://www.msn.com/en-us/foodanddrink/foodnews/laurie-kelly-owner-of-blacksburg-books-stops-by-the-wdbj7-studio-to-discuss-her-shop-e2-80-99s-grand-opening/ar-AAMYuuY?ocid=BingNews,Owner of Blacksburg Books stops by WDBJ7 to discuss grand opening,"Blacksburg Books opens Friday, Aug. 6 at 10 a.m.",,[],2021-08-05 00:00:00,,https://www.wdbj7.com/2021/08/05/laurie-kelly-owner-blacksburg-books-stops-by-wdbj7-studio-discuss-her-shops-grand-opening/,https://gray-wdbj-prod.cdn.arcpublishing.com/resizer/q9kTzzgE8cCBWytAdr3jc8GJeTA=/980x0/smart/filters:quality(85)/cloudfront-us-east-1.images.arcpublishing.com/gray/IDC3S6B3IRBTLGQGYO6JZBMNLE.jpg,
https://www.wsls.com/news/local/2021/08/08/man-hospitalized-after-northeast-roanoke-shooting-early-sunday-morning/,Man hospitalized after Northeast Roanoke shooting early Sunday morning,"A man is in the hospital after being shot in Northeast Roanoke, according to the Roanoke Police Department.",Local News,['Jazmine Otey'],2021-08-08 00:00:00,2021-08-08T22:12:48.904Z,https://www.wsls.com/news/local/2021/08/08/man-hospitalized-after-northeast-roanoke-shooting-early-sunday-morning/,https://www.wsls.com/resizer/t9eSTBKZcoh9M-EJnt3zQ1BYxTo=/800x450/smart/filters:format(jpeg):strip_exif(true):strip_icc(true):no_upscale(true):quality(65)/d1vhqlrjc8h82r.cloudfront.net/08-08-2021/t_6e5acfa917464c6a8e95b1ee019f2254_name_image.jpg,false
https://www.msn.com/en-us/news/crime/man-shot-friday-night-roanoke-police-search-for-answers/ar-AAN3s8r?ocid=BingNews,Roanoke Police search for answers in Friday night shooting,"Police did not gather much information, due to the victim's limited cooperation.",,[],2021-08-07 00:00:00,,https://www.wdbj7.com/2021/08/07/man-shot-friday-night-roanoke-police-search-answers/,https://gray-wdbj-prod.cdn.arcpublishing.com/resizer/RD2UdiJL_EGQrkAjkPObRWTwvQA=/980x0/smart/filters:quality(85)/cloudfront-us-east-1.images.arcpublishing.com/gray/S4SQIEJUMFMBVF3FGB7MBKIWOU.jpg,
https://www.msn.com/en-us/weather/topstories/cloudy-and-cooler-today-with-morning-rain/ar-AAN2UqE?ocid=BingNews,"This week: Hot, humid and sometimes stormy",Hot and humid conditions return to the region.,,[],2021-08-07 00:00:00,,https://www.wdbj7.com/2021/08/07/cloudy-cooler-today-with-morning-rain/,https://gray-wdbj-prod.cdn.arcpublishing.com/resizer/IZgqtywTgYg9rowFwqDJecud9Wg=/980x0/smart/filters:quality(85)/cloudfront-us-east-1.images.arcpublishing.com/gray/EFKTIIAOFFEMXHBZXUACZOZWJU.png,
https://roanoke.com/news/local/casey-what-will-a-limited-gun-buyback-accomplish/article_f9706a64-f700-11eb-881c-3baee808ba6d.html,CASEY: What will a limited gun-buyback accomplish?,"A couple of groups in Roanoke are about to embark on Roanoke's first gun buyback program, using a $4,500 grant from city government. But is that enough to actually reduce",,"['Dan Casey', 'The Roanoke Times']",,,https://roanoke.com/news/local/casey-what-will-a-limited-gun-buyback-accomplish/article_f9706a64-f700-11eb-881c-3baee808ba6d.html,https://bloximages.newyork1.vip.townnews.com/roanoke.com/content/tncms/assets/v3/editorial/9/4c/94c0a422-e8db-11eb-be5f-33a16a08172e/5da774e5c506b.image.jpg?crop=1662%2C935%2C0%2C156&resize=1120%2C630&order=crop%2Cresize,
https://www.msn.com/en-us/weather/topstories/kayaker-dies-while-on-new-river/ar-AAN1R4D?ocid=BingNews,Kayaker dies while on New River,The incident is still under investigation.,,[],2021-08-06 00:00:00,,https://www.wdbj7.com/2021/08/06/kayaker-dies-while-new-river/,https://gray-wdbj-prod.cdn.arcpublishing.com/resizer/6U1Tn6SFYX4FqRTPnWj_7-Q-Zu8=/980x0/smart/filters:quality(85)/cloudfront-us-east-1.images.arcpublishing.com/gray/2QEZAPKTKZBG5D6WLRUBL7GBXE.png,
https://www.wric.com/news/local-news/update-victims-identified-in-your-place-sports-bar-and-grill-shooting/,UPDATE: Victims identified in Your Place Sports Bar and Grill shooting,Chesterfield police have identified two victims in a shooting that left two dead and one critically injured outside of Your Place Sports Bar and Grill on Wadsworth Drive.,,"['Jakob Cordes', 'Alex Thorson', 'Keyris Manzanares', 'Amelia Heymann', ""Kerri O'Brien""]",2021-08-06 21:02:28+00:00,2021-08-06T21:02:31+00:00,https://www.wric.com/news/local-news/update-victims-identified-in-your-place-sports-bar-and-grill-shooting/,https://www.wric.com/wp-content/uploads/sites/74/2021/08/shopping-center-2.jpg?w=1280,
https://www.msn.com/en-us/news/world/the-taliban-fly-their-flag-in-central-kunduz-as-exhausted-afghan-troops-regroup/ar-AAN4k4l?ocid=BingNews,The Taliban fly their flag in Kunduz as exhausted Afghan troops regroup.,"The rapid fall of important Afghan cities comes as insurgent fighters have pressed their offensive all around the country, dividing Afghan forces as U.S. troops depart.",World,"['Christina Goldbaum', 'Najim Rahim', 'Sharif Hassan', 'Thomas Gibbons-Neff']",2021-08-08 00:00:00,2021-08-11T13:55:04.319Z,https://www.nytimes.com/2021/08/08/world/asia/afghanistan-taliban-kunduz.html,https://static01.nyt.com/images/2021/08/08/world/08KUNDUZ-VIDEO-COVER/08KUNDUZ-VIDEO-COVER-facebookJumbo.jpg,false
https://www.msn.com/en-us/sports/olympics/tokyo-passes-olympic-baton-to-paris-after-imperfect-irrepressible-games/ar-AAN3M7z?ocid=BingNews,"Tokyo passes Olympic baton to Paris after imperfect, irrepressible games","Tokyo passed the Olympic baton to Paris on Sunday after staging an imperfect, irrepressible games like no other.",,['Corky Siemaszko Is A Senior Writer For Nbc News Digital.'],2021-08-08 13:50:00+00:00,Mon Aug 09 2021 16:36:30 GMT+0000 (UTC),https://www.nbcnews.com/news/olympics/tokyo-olympics-closing-ceremony-set-bring-imperfect-irrepressible-games-end-n1276009,"https://media-cldnry.s-nbcnews.com/image/upload/t_nbcnews-fp-1200-630,f_auto,q_auto:best/newscms/2021_31/3497609/210808-olympics-closing-ceremony-al-0921.jpg",false
https://www.msn.com/en-us/money/companies/swedens-veoneer-says-will-start-talks-with-qualcomm-over-offer/ar-AAN4T7A?ocid=BingNews,Sweden's Veoneer says will start talks with Qualcomm over offer,Veoneer Inc (VNE.N) said on Sunday it would start talks with chipmaker Qualcomm Inc (QCOM.O) after its offer for the Swedish auto parts maker last week topped a rival bid by Magna International Inc (MG.TO).,Autos & Transportation,[],2021-08-08 18:12:59+00:00,2021-08-08T18:15:19.356Z,https://www.reuters.com/business/autos-transportation/swedens-veoneer-says-will-start-talks-with-qualcomm-over-offer-2021-08-08/,https://www.reuters.com/resizer/mUYXMSBby-UIS-Hh3AW3kegtwak=/800x419/smart/filters:quality(80)/cloudfront-us-east-2.images.arcpublishing.com/reuters/NYPBSLJJOZJKROKH6NC5C47HCA.jpg,
https://www.msn.com/en-us/news/world/mozambique-port-retaken-from-rebels-officials-say/ar-AAN4Syk?ocid=BingNews,Mozambique insurgency: Key port retaken from insurgents - Rwanda,"Mocímboa da Praia was the Islamist militants' last stronghold in northern Mozambique, Rwanda says.",Africa,[],,,https://www.bbc.com/news/world-africa-58138507,https://ichef.bbci.co.uk/news/1024/branded_news/11B69/production/_119835527_reuters_rwanda_976a.png,
https://www.msn.com/en-us/news/world/taliban-capture-third-afghanistan-capital-in-as-many-days/ar-AAN4Ggv?ocid=BingNews,Taliban capture third Afghanistan capital in as many days,The Taliban have seized a third capital in Afghanistan in as many days as the group continues to make aggressive and significant gains in the wake of the U.S. military withdrawal.,,"['Peter Aitken', 'Peter Aitken Is A New York Born-And-Raised Reporter With A Focus On National', 'Global News.']",,2021-08-08T10:46:25-04:00,https://www.foxnews.com/world/taliban-capture-third-afghanistan-capital,https://static.foxnews.com/foxnews.com/content/uploads/2021/08/Afghanistan-Taliban-Kunduz.jpg,false
https://www.msn.com/en-us/news/world/when-the-suspected-mafia-boss-known-as-the-godmother-was-arrested-at-rome-airport-she-didn-t-bat-an-eyelash-says-report/ar-AAN4Tdy?ocid=BingNews,"When the suspected mafia boss, known as the 'godmother,' was arrested at Rome airport, she 'didn't bat an eyelash,' says report","Maria Licciardi, a reputed mafia boss of the Camorra crime syndicate in Naples, was arrested in Rome and charged with mafia association and extortion.",,['Alia Shoaib'],2021-08-08 00:00:00,2021-08-08T15:46:41Z,https://www.insider.com/italy-suspected-mafia-boss-known-as-godmother-arrested-in-rome-2021-8,https://i.insider.com/610ff2b72a24d00018624c5f?width=1200&format=jpeg,false
https://www.msn.com/en-us/news/world/official-airstrikes-in-south-afghanistan-hit-clinic-school/ar-AAN46D9?ocid=BingNews,Taliban takes key northern Afghan cities as battles rage on,"KABUL, Afghanistan (AP) — Taliban fighters seized most of the capital of northern Afghanistan's key Kunduz province on Sunday, and took another neighboring provincial capital after a monthlong siege.",Asia Pacific,"['Rahim Faiez', 'Brian Rohan']",2021-08-08 08:41:23+00:00,2021-08-08T18:11:00Z,https://apnews.com/a3fb2c3463cc61d45fdc013adfede6bd,https://storage.googleapis.com/afs-prod/media/72d6ddb9f83b42f9ad3157983b30c8a7/3000.jpeg,
https://www.msn.com/en-us/news/politics/senate-advances-bipartisan-infrastructure-bill-in-key-test-vote/ar-AAN3km4?ocid=BingNews,Senate advances bipartisan infrastructure bill in key test vote,"With multiple Republicans joining Democrats in the effort, the bipartisan infrastructure bill has cleared another hurdle on its way to passing the Senate.",,"['Abc News', 'Allison Pecorin', 'Trish Turner', 'August']",,,https://abcnews.go.com/Politics/senate-advances-bipartisan-infrastructure-bill-key-test-vote/story?id=79337191,https://s.abcnews.com/images/General/washington-capitol-infrastructure-congress-01-gty-llr-210807_1628347520279_hpMain_16x9_992.jpg,false
https://www.msn.com/en-us/news/technology/scientists-explain-how-your-next-thermometer-might-be-in-your-phone/ar-AAN4D2c?ocid=BingNews,Scientists explain how your next thermometer might be in your phone,New sensors could allow for integrating thermal imaging into smartphones.,,"['Abc News', 'Meeri Kim', 'Inside Science', 'August']",,,https://abcnews.go.com/Technology/scientists-explain-thermometer-phone/story?id=79340163,https://s.abcnews.com/images/Technology/smartphone-thermometers-02-gty-llr-210807_1628356858253_hpMain_16x9_992.jpg,false
https://www.msn.com/en-us/weather/topstories/dc-area-forecast-sunshine-returns-today-with-heat-and-humidity-building-through-midweek/ar-AAN4xkD?ocid=BingNews,D.C.-area forecast: Sunshine returns today with heat and humidity building through midweek,Each day this week looks ever muggier or hotter than the day before it.,Capital Weather Gang,[],2021-08-08 00:00:00,2021-08-08T17:43:34.372Z,https://www.washingtonpost.com/weather/2021/08/08/dc-area-forecast-sunshine-returns-today-with-heat-humidity-building-through-midweek/,https://www.washingtonpost.com/wp-apps/imrs.php?src=https://arc-anglerfish-washpost-prod-washpost.s3.amazonaws.com/public/Z4ZD45BS3NHXHMGIQ5NSKTHY4Q.png&w=1440,false
https://www.msn.com/en-us/news/technology/clearing-the-heavens-of-space-junk/ar-AAN4Dp3?ocid=BingNews,Clearing the heavens of space junk,"The amount of debris in low Earth orbit has increased tremendously, putting satellites and the International Space Station in danger of colliding with even the tiniest bits of space junk.",,[],,,https://www.cbsnews.com/news/clearing-the-heavens-of-space-junk/,https://cbsnews2.cbsistatic.com/hub/i/r/2021/08/06/a87815b5-053a-44f2-8cee-81b82d375579/thumbnail/1200x630/f1d970400e517d693cbc0e840b2044ef/space-junk-1280.jpg,false
https://www.msn.com/en-us/news/technology/could-we-really-terraform-mars/ar-AAN4NDu?ocid=BingNews,Could we really terraform Mars?,"With its frigid temperatures, remoteness from the sun and general dustiness, changing Mars to be more Earth-like is more challenging than it seems (and it already seems pretty tough).",,['Paul Sutter'],2021-08-08 12:39:17+00:00,2021-08-08T12:39:17.882Z,https://www.space.com/can-we-really-terraform-mars,https://cdn.mos.cms.futurecdn.net/ReJyYSLf3ac9eTeiWDRvmQ-1200-80.jpg,
https://www.msn.com/en-us/news/technology/watch-out-beyond-burgers-the-fungi-renaissance-is-here/ar-AAN4Mw1?ocid=BingNews,"Watch Out, Beyond Burgers—the Fungi Renaissance Is Here","While the popular plant-based meats grab all the headlines, a much more humble foodstuff is poised to lead the next wave of alternative proteins.",tags,"['Condé Nast', 'Matt Reynolds', 'Wired U']",2021-08-08 00:00:00,,https://www.wired.com/story/fungi-renaissance-is-here/,"https://media.wired.com/photos/610d8dea2f9ffe04bf36c843/191:100/w_1280,c_limit/Science_UK_P73PJJ.jpg",false
https://www.msn.com/en-us/weather/topstories/gulf-stream-could-be-veering-toward-irreversible-collapse-a-new-analysis-warns/ar-AAN4SYw?ocid=BingNews,"Gulf Stream could be veering toward irreversible collapse, a new analysis warns",The shutdown would have catastrophic effects across the globe,,['Ben Turner'],2021-08-08 12:35:37+00:00,2021-08-08T12:35:37.880Z,https://www.livescience.com/gulf-stream-close-to-collapse,https://cdn.mos.cms.futurecdn.net/YCDozA7C4jUsGAUS39gHdS-1200-80.jpeg,
https://www.msn.com/en-us/news/technology/iss-astronauts-show-off-zero-gravity-moves-in-the-space-olympics-which-should-be-a-real-thing/ar-AAN4Fwm?ocid=BingNews,ISS astronauts show off zero-gravity moves in the space Olympics which should be a real thing,"Astronauts aboard the International Space Station ""competed"" in events that included synchronized space swimming, no-handball, lack-of-floor routine, and weightless sharpshooting.",,"['Kim Lyons', 'Aug']",2021-08-08 00:00:00,2021-08-08T09:56:46-04:00,https://www.theverge.com/2021/8/8/22615422/astronauts-esa-jaxa-space-olympics-iss-tokyo-paris,https://cdn.vox-cdn.com/thumbor/JkFW-O7IRYyBPAmuVJ7UaVGJTnk=/0x37:1782x970/fit-in/1200x630/cdn.vox-cdn.com/uploads/chorus_asset/file/22769390/iss_space_olympics.PNG,
https://www.msn.com/en-us/news/world/prehistoric-cave-paintings-in-spain-show-neanderthals-were-artists/ar-AAN4gx3?ocid=BingNews,Prehistoric cave paintings in Spain show Neanderthals were artists,"Neanderthals may have been closer to our species of prehistoric modern human than previously believed after cave paintings found in Spain proved they had a fondness for creating art, one of the authors of a new scientific report said on Sunday.",Lifestyle,"['Jon Nazca Mariano Valladolid', 'Jon Nazca', 'Mariano Valladolid']",2021-08-09 17:58:40+00:00,2021-08-09T18:01:05.756Z,https://www.reuters.com/lifestyle/prehistoric-cave-paintings-spain-show-neanderthals-were-artists-2021-08-08/,https://www.reuters.com/resizer/6uWods5VOtUUZ4_-YNfUqFGogVs=/800x419/smart/filters:quality(80)/cloudfront-us-east-2.images.arcpublishing.com/reuters/Q2ZV4HWGNZMBVMJ4DU6RLMOMWQ.jpg,
https://www.msn.com/en-us/news/technology/nasa-has-glimpsed-our-galaxys-fate-in-three-way-galactic-brawl/ar-AAN4VhW?ocid=BingNews,NASA has glimpsed our galaxy's fate in three-way galactic brawl,The jousting galaxies are snatching stars from each other as they spiral closer.,,['Ben Turner'],2021-08-08 12:34:15+00:00,2021-08-08T12:34:15.889Z,https://www.livescience.com/three-galaxies-tug-of-war,https://cdn.mos.cms.futurecdn.net/BKR9skRxwvHS3iXX7jS5xm-1200-80.jpeg,
https://www.msn.com/en-us/news/technology/nasa-wants-paid-volunteers-to-spend-a-year-living-in-a-3d-printed-martian-habitat-in-texas-where-they-will-carry-out-spacewalks-and-research-using-vr-tech/ar-AAN4qbW?ocid=BingNews,"NASA wants paid volunteers to spend a year living in a 3D-printed Martian habitat in Texas, where they will carry out spacewalks and research using VR tech","NASA is looking for participants to spend a year living in Mars Dune Alpha, a Texas-based facility designed to look and feel like the Red Planet.",,['Zahra Tayeb'],2021-08-08 00:00:00,2021-08-11T15:14:55Z,https://www.businessinsider.com/nasa-mars-3d-printed-martian-habitat-paid-volunteers-space-2021-8,https://i.insider.com/610f99ea2a24d0001862493d?width=1200&format=jpeg,false
https://www.msn.com/en-us/news/technology/tesla-quietly-delays-cybertruck-to-2022/ar-AAN4KS2?ocid=BingNews,Tesla quietly delays Cybertruck to 2022,Tesla has quietly pushed back the Cybertruck release to 2022 as its electric pickup suffers production challenges..,,[],,,https://www.engadget.com/tesla-cybertruck-delay-2022-150309858.html,https://s.yimg.com/os/creatr-uploaded-images/2021-07/95c5d9f0-efb6-11eb-af7f-01a63ecf3054,
https://www.msn.com/en-us/news/technology/scientists-explain-how-your-next-thermometer-might-be-in-your-phone/ar-AAN4D2c?ocid=BingNews,Scientists explain how your next thermometer might be in your phone,New sensors could allow for integrating thermal imaging into smartphones.,,"['Abc News', 'Meeri Kim', 'Inside Science', 'August']",,,https://abcnews.go.com/Technology/scientists-explain-thermometer-phone/story?id=79340163,https://s.abcnews.com/images/Technology/smartphone-thermometers-02-gty-llr-210807_1628356858253_hpMain_16x9_992.jpg,false
https://www.msn.com/en-us/finance/companies/veoneer-agrees-to-talk-with-qualcomm-after-bid-exceeds-magna-e2-80-99s/ar-AAN4NQ2?ocid=BingNews,Are you a robot?,,,[],2021-08-08 00:00:00,,,,
https://www.msn.com/en-us/news/technology/microsoft-starts-publicly-testing-an-xbox-night-mode/ar-AAN4O0g?ocid=BingNews,Microsoft starts publicly testing an Xbox night mode,Microsoft has started public tests for an Xbox night mode that dims everything from your screen to your controller..,,[],,,https://www.engadget.com/xbox-night-mode-alpha-test-160536162.html,https://s.yimg.com/os/creatr-uploaded-images/2021-06/85a8bbb0-d83b-11eb-9d8f-74f7550e3dfa,
https://www.msn.com/en-us/news/technology/iss-astronauts-show-off-zero-gravity-moves-in-the-space-olympics-which-should-be-a-real-thing/ar-AAN4BBg?ocid=BingNews,ISS astronauts show off zero-gravity moves in the space Olympics which should be a real thing,"Astronauts aboard the International Space Station ""competed"" in events that included synchronized space swimming, no-handball, lack-of-floor routine, and weightless sharpshooting.",,"['Kim Lyons', 'Aug']",2021-08-08 00:00:00,2021-08-08T09:56:46-04:00,https://www.theverge.com/2021/8/8/22615422/astronauts-esa-jaxa-space-olympics-iss-tokyo-paris,https://cdn.vox-cdn.com/thumbor/JkFW-O7IRYyBPAmuVJ7UaVGJTnk=/0x37:1782x970/fit-in/1200x630/cdn.vox-cdn.com/uploads/chorus_asset/file/22769390/iss_space_olympics.PNG,
https://www.msn.com/en-us/money/other/big-tech-call-center-workers-face-pressure-to-accept-home-surveillance/ar-AAN4sFY?ocid=BingNews,Big Tech call center workers face pressure to accept home surveillance,Big Tech call center workers face pressure to accept home surveillance.,,['Olivia Solon Is Tech Investigations Editor For Nbc News In San Francisco.'],2021-08-08 10:12:00+00:00,Mon Aug 09 2021 17:49:04 GMT+0000 (UTC),https://www.nbcnews.com/tech/tech-news/big-tech-call-center-workers-face-pressure-accept-home-surveillance-n1276227,"https://media-cldnry.s-nbcnews.com/image/upload/t_nbcnews-fp-1200-630,f_auto,q_auto:best/newscms/2021_31/3497300/210806-woman-with-headset-laptop-se-1255p.jpg",false
https://www.msn.com/en-us/news/technology/why-is-your-identity-trapped-inside-a-social-network/ar-AAN4R1n?ocid=BingNews,Why is your identity trapped inside a social network?,"The creators of the Internet didn't finish the job, they didn't create a personal protocol to give people control of their identities. As a result, humans on the Internet exist not as individuals but as the creation of social media databases that monopolize personal information.",,['Tiernan Ray'],,,https://www.zdnet.com/article/why-is-your-identity-trapped-inside-a-social-network/,https://www.zdnet.com/a/hub/i/r/2021/08/08/72308a8e-52e0-4ad5-93f5-aa21b5db0aaa/thumbnail/770x578/26abdd6946e9626f35f6a19e9569815c/social-trap-crop-layout-for-twitter-2.jpg,
https://www.msn.com/en-us/news/us/some-praise-some-doubts-as-facebook-rolls-out-a-prayer-tool/ar-AAN4X5F?ocid=BingNews,"Some praise, some doubts as Facebook rolls out a prayer tool","Facebook already asks for your thoughts. Now it wants your prayers. The social media giant has rolled out a new prayer request feature, a tool embraced by some religious leaders as a cutting-edge way to engage the faithful online.",Technology,"['Holly Meyer', 'David Crary']",2021-08-08 15:06:00+00:00,2021-08-08T15:05:47Z,https://apnews.com/d9b626cfeba71fc6a2a479af832addcb,https://storage.googleapis.com/afs-prod/media/f9981d2fd4c746559be9afc0f3ca3f27/1125.jpeg,
https://www.msn.com/en-us/money/other/5g-network-infrastructure-revenue-to-grow-by-more-than-5-billion-in-2021-gartner/ar-AAN4Hgv?ocid=BingNews,5G infrastructure revenue to grow over $5 billion in 2021,Gartner estimates that a total of $19.1 billion will be brought in through 5G network infrastructure revenue in 2021.,,['Jonathan Greig'],,,https://www.zdnet.com/article/5g-network-infrastructure-revenue-to-grow-by-more-than-5-billion-in-2021-gartner/,https://www.zdnet.com/a/hub/i/r/2021/06/28/2fbc6af4-604b-42f1-90bb-b2ec0e629dc2/thumbnail/770x578/50116139c244490fe40b4b1163bf1a9a/roadmap-for-ai-5g-integration-from-nvidia-and-arm.jpg,
https://www.msn.com/en-us/news/technology/ftc-disputes-facebook-reasoning-for-shutting-down-nyu-disinformation-project/ar-AAN4UOf?ocid=BingNews,FTC disputes Facebook reasoning for shutting down NYU disinformation project,The Federal Trade Commission denied that their consent decree had anything to do with Facebook's decision to end NYU's Ad Observatory.,,['Jonathan Greig'],,,https://www.zdnet.com/article/ftc-disputes-facebook-reasoning-for-shutting-down-nyu-disinformation-project/,https://www.zdnet.com/a/hub/i/r/2020/03/05/76fb737f-025c-4fb1-8e6f-d2bdbbfda6c8/thumbnail/770x578/6850299f80ff591ff5b7de1f3d664b64/facebook.jpg,
https://www.msn.com/en-us/news/technology/portable-air-conditioners-buy-the-right-one-and-stay-cool-all-summer-long/ar-BB14sHFc?ocid=BingNews,Portable air conditioners: Buy the right one and stay cool all summer long,Find the right portable air conditioner for your home.,,"['Molly Price', 'Megan Wollerton']",,,https://www.cnet.com/home/energy-and-utilities/portable-air-conditioners-buy-the-right-one-and-stay-cool-all-summer-long/,https://www.cnet.com/a/img/_xJGtUEKa1WmnomgbxfILoZs-4E=/0x372:1500x1500/1200x630/2019/07/11/ef17ab6c-af19-4cf6-840e-5cf94721c558/keystone-m-series-14000-btu-portable-air-conditioner.jpg,false
https://www.msn.com/en-us/news/technology/authorities-in-china-sue-tencent-over-wechat-s-youth-mode/ar-AAN4wgU?ocid=BingNews,Authorities in China sue Tencent over WeChat’s youth mode,"Prosecutors in Beijing are suing Chinese tech giant Tencent, claiming the ""youth mode"" on its WeChat app violates laws protecting minors. The suit doesn’t specify how the app goes against the law.",,"['Kim Lyons', 'Aug']",2021-08-08 00:00:00,2021-08-08T08:43:12-04:00,https://www.theverge.com/2021/8/8/22615392/china-lawsuit-wechat-tencent-youth-mode-tech,https://cdn.vox-cdn.com/thumbor/55fbKOC0eWZOYlqMer8XYOd6zq0=/0x146:2040x1214/fit-in/1200x630/cdn.vox-cdn.com/uploads/chorus_asset/file/13545758/acastro_181126_1777_weChat_0003.jpg,
https://www.msn.com/en-us/movies/news/box-office-the-suicide-squad-opens-to-lowly-265m-as-moviegoers-stay-home-amid-delta-variant/ar-AAN4IxD?ocid=BingNews,Box Office: ‘The Suicide Squad’ Opens to Lowly $26.5M as Moviegoers Stay Home Amid Delta Variant,James Gunn's antihero pic came in behind expectations as COVID-19 cases jump again in the U.S. The film also debuted on HBO Max.,,['Pamela Mcclintock'],2021-08-08 15:32:55+00:00,2021-08-09T16:11:11+00:00,https://www.hollywoodreporter.com/movies/movie-news/suicide-squad-box-office-jungle-cruise-1234994557/,https://www.hollywoodreporter.com/wp-content/uploads/2021/07/rev-1-TSS-TRL-89596_High_Res_JPEG-H-2021.jpg?w=1024,
https://www.msn.com/en-us/tv/celebrity/markie-post-night-court-and-the-fall-guy-actress-dies-at-70-after-battle-with-cancer/ar-AAN4Q6c?ocid=BingNews,"Markie Post, Night Court and The Fall Guy Actress, Dies at 70 After Battle With Cancer","Markie Post, best known for her roles on Night Court and The Fall Guy, died at age 70 on Saturday.",,['Abigail Adams'],,,https://people.com/tv/markie-post-dead-at-70/,https://imagesvc.meredithcorp.io/v3/mm/image?q=85&c=sc&rect=0%2C0%2C1500%2C750&poi=%5B750%2C300%5D&w=1500&h=750&url=https%3A%2F%2Fstatic.onecms.io%2Fwp-content%2Fuploads%2Fsites%2F20%2F2021%2F08%2F08%2FMarkie-Post.jpg,false
https://www.msn.com/en-us/tv/celebrity/jim-belushi-files-for-divorce-from-wife-jennifer-after-23-years-of-marriage/ar-AAN4RMQ?ocid=BingNews,Jim Belushi files for divorce from wife Jennifer after 23 years of marriage,"Actor and comedian Jim Belushi filed for divorce Friday from his wife, Jennifer, whom he has been married to for 23 years.",,[],2021-08-08 00:00:00,,https://www.usatoday.com/story/entertainment/celebrities/2021/08/08/jim-belushi-jennifer-sloan-file-divorce-after-23-years/5529995001/,"https://www.gannett-cdn.com/presto/2021/08/08/USAT/67ff46cf-287e-4552-bbf3-aea21ac0500e-GettyImages-874272332.jpg?crop=682,384,x0,y0&width=682&height=384&format=pjpg&auto=webp",false
https://www.msn.com/en-us/lifestyle/lifestyle-buzz/the-best-beauty-instagrams-of-the-week-bella-hadid-lizzo-and-more/ar-AAN4JXA?ocid=BingNews,"The Best Beauty Instagrams of the Week: Bella Hadid, Lizzo, and More","From Bella Hadid's bleached blonde tips to Gia Love's flaming hot mullet, hair took center stage for this week's best beauty Instagrams",tags,"['Condé Nast', 'Michella Or', 'Michella Oré', 'Lauren Valenti']",2021-08-08 00:00:00,,https://www.vogue.com/article/best-beauty-instagrams-bella-hadid-lizzo,"https://assets.vogue.com/photos/610c063bc8fb25f1b8dadd31/16:9/w_1280,c_limit/00_story.gif",false
https://www.msn.com/en-us/tv/news/weekend-gma-anchor-dan-b-harris-to-leave-abc-news/ar-AAN4Bu7?ocid=BingNews,Weekend ‘GMA’ Anchor Dan B. Harris to Leave ABC News,Dan B. Harris will depart ABC News and the weekend broadcast of Good Morning America to focus on his own business,,['Brian Steinberg'],2021-08-08 13:43:17+00:00,2021-08-08T17:33:45+00:00,https://variety.com/2021/tv/news/dan-harris-departure-abc-news-good-morning-america-weejend-1235037000/,https://variety.com/wp-content/uploads/2019/06/134123_0910-e1560268476342.jpg?w=1000,
https://www.msn.com/en-us/movies/news/e2-80-98chronicle-2-e2-80-99-will-be-female-led-sequel-set-10-years-after-the-original/ar-AAN4E7h?ocid=BingNews,‘Chronicle 2’ Will Be Female-Led Sequel Set 10 Years After the Original,"Rumors have swirled for nearly a decade about a followup, and it's starting to finally take shape from the female point of view.",,['Ryan Lattanzio'],2021-08-08 14:19:14+00:00,2021-08-08T14:19:14+00:00,https://www.indiewire.com/2021/08/chronicle-2-sequel-female-led-1234656545/,https://www.indiewire.com/wp-content/uploads/2021/08/MCDCHRO_FE019.jpg?w=780,
https://www.msn.com/en-us/tv/celebrity/comedian-trevor-moore-whitest-kids-u-know-co-founder-dead-at-41-this-is-a-tragic-and-sudden-loss/ar-AAN4FpN?ocid=BingNews,"Comedian Trevor Moore, Whitest Kids U' Know Co-Founder, Dead at 41: 'This Is a Tragic and Sudden Loss'","Trevor Moore, a comedian known for his work with his sketch comedy group The Whitest Kids U' Know, has died.",,['Jd Knapp'],,,https://people.com/tv/trevor-moore-dead-at-41-whitest-kids-u-know-members-mourn/,https://imagesvc.meredithcorp.io/v3/mm/image?q=85&c=sc&rect=0%2C0%2C1500%2C750&poi=%5B765%2C250%5D&w=1500&h=750&url=https%3A%2F%2Fstatic.onecms.io%2Fwp-content%2Fuploads%2Fsites%2F20%2F2021%2F08%2F08%2FTrevor-Moore.jpg,false
https://www.msn.com/en-us/sports/olympics/whats-on-tv-this-week-fantasy-island-princess-diana-the-tokyo-olympics-and-more/ar-AAN4zq6?ocid=BingNews,"What’s on TV This Week: ‘Fantasy Island,’ Princess Diana, the Tokyo Olympics and more","TV highlights for Aug. 8-14 include a reboot of ""Fantasy Island,"" a new animated series from Marvel and the closing ceremonies of the Tokyo Olympics",Entertainment & Arts,"['Listings Coordinator', 'Matt Cooper Compiles The Los Angeles Times', 'Theater', 'Classical Music', 'Dance', 'Museum', 'Gallery Listings', 'The Movie Openings', 'Events', 'Revivals Listings']",2021-08-08 00:00:00,2021-08-09T16:16:35.707,https://www.latimes.com/entertainment-arts/story/2021-08-08/what-to-watch-on-tv-fantasy-island-tokyo-olympics-marvel,https://ca-times.brightspotcdn.com/dims4/default/04f7d8d/2147483647/strip/true/crop/4339x2278+0+0/resize/1200x630!/quality/90/?url=https%3A%2F%2Fcalifornia-times-brightspot.s3.amazonaws.com%2F19%2Ffc%2F3b3cd17d43ddaa3cdc1738b2c38e%2Ffantasyislandroselynsanchezwide.jpg,false
https://www.msn.com/en-us/news/us/george-clooney-on-his-greatest-reward/ar-AAN4Kqm?ocid=BingNews,George Clooney on his greatest reward,"The actor-director talks about family, life during quarantine, and his career of playing ""lovable crooks."" He also answers the burning question: Does he REALLY cut his own hair?",,[],,,https://www.cbsnews.com/news/george-clooney-on-his-greatest-reward/,https://cbsnews2.cbsistatic.com/hub/i/r/2021/08/07/cb801307-2165-435e-8019-e40466e1f854/thumbnail/1200x630/9fb49b461355781f9b05bfec785237b9/george-clooney-1280.jpg,false
https://www.msn.com/en-us/tv/celebrity/kathy-griffin-speaks-in-first-video-update-since-lung-surgery-receives-outpouring-of-love-praying-for-you/ar-AAN4Lbr?ocid=BingNews,"Kathy Griffin Speaks in First Video Update Since Lung Surgery, Receives Outpouring of Love: 'Praying for You'","Several celebrities chimed in on Kathy Griffin's latest post, where the comedian spoke on camera for the first time since going under the knife following her cancer diagnosis",,['Abigail Adams'],,,https://people.com/health/kathy-griffin-receives-outpouring-of-support-after-lung-cancer-surgery-health-update/,https://imagesvc.meredithcorp.io/v3/mm/image?q=85&c=sc&rect=54%2C0%2C1474%2C710&poi=face&w=1500&h=750&url=https%3A%2F%2Fstatic.onecms.io%2Fwp-content%2Fuploads%2Fsites%2F20%2F2021%2F07%2F26%2Fkathy-griffin-curly-hair.jpg,false
https://www.msn.com/en-us/movies/reviews/paw-patrol-the-movie-review-a-positively-peppy-puppy-powered-picture/ar-AAN4SHc?ocid=BingNews,"‘PAW Patrol: The Movie’ Review: A Positively Peppy, Puppy-Powered Picture","First responders and working-class heroes band together against political corruption in this gripping, inspiring animated thriller.",,['Courtney Howard'],2021-08-08 15:00:53+00:00,2021-08-08T10:38:17+00:00,https://variety.com/2021/film/reviews/paw-patrol-the-movie-review-1235036969/,https://variety.com/wp-content/uploads/2021/08/Paw-Patrol-The-Movie.jpg?w=1000,
https://www.msn.com/en-us/lifestyle/relationships/on-fboy-island-the-line-between-nice-guys-and-fboys-is-thin-to-nonexistent/ar-AAN4SPE?ocid=BingNews,"On ""FBoy Island,"" the line between nice guys and fboys is thin to nonexistent","If self-proclaimed “nice guys” aren’t to be trusted, are we better off with fboys?",Culture,[],2021-08-08 00:00:00,2021-08-09 07:15:00,https://www.salon.com/2021/08/08/fboy-island-nice-guys-new-jarred-casey/,https://mediaproxy.salon.com/width/1200/https://media.salon.com/2021/08/fboy-island-still04.jpg,
https://www.msn.com/en-us/news/us/florida-s-largest-school-districts-set-mask-mandates-but-with-a-twist/ar-AAN4FzH?ocid=BingNews,"Florida's largest school districts impose mask mandates, but some students can opt out","Florida's largest school districts impose mask mandates, but students can opt out .",,"['Abc News', 'Will Mcduffie', 'August']",,,https://abcnews.go.com/US/floridas-largest-school-districts-impose-mask-mandates-students/story?id=79349671,https://s.abcnews.com/images/US/florida-back-to-school-file-zp-jef-210808_1628429488418_hpMain_16x9_992.jpg,false
https://www.msn.com/en-us/news/politics/transcript-amanda-ripley-on-face-the-nation/ar-AAN4Tsz?ocid=BingNews,"Transcript: Amanda Ripley on ""Face the Nation,"" August 8, 2021","The following is a transcript of an interview with author Amanda Ripley that aired on Sunday, August 8, 2021, on ""Face the Nation.""",,[],,,https://www.cbsnews.com/news/transcript-amanda-ripley-face-the-nation-08-08-2021/,https://cbsnews1.cbsistatic.com/hub/i/r/2021/08/08/a58d18d4-f4bb-43ff-8caa-68f3f230b89a/thumbnail/1200x630g2/1ab1f01f8f8ed09f5724150867971e99/screen-shot-2021-08-08-at-11-22-19-am.png,false
https://www.msn.com/en-us/news/politics/zuckerbergs-cash-fuels-gop-suspicion-and-new-election-rules/ar-AAN4vX3?ocid=BingNews,Zuckerberg’s cash fuels GOP suspicion and new election rules,"DENVER (AP) — When Facebook founder Mark Zuckerberg donated $400 million to help fund election offices  as they scrambled to deal with the coronavirus pandemic late last summer, he said he hoped he would never have to do it again.",Joe Biden,['Nicholas Riccardi'],2021-08-08 12:04:07+00:00,2021-08-08T12:25:29Z,https://apnews.com/d034c4c1f5a9fa3fb02aa9898493c708,https://storage.googleapis.com/afs-prod/media/a61dd89e759d4af0976ce68151f54391/3000.jpeg,
https://www.msn.com/en-us/news/politics/gop-senator-i-disagree-with-desantis-ban-on-local-mask-mandates/ar-AAN4Ej4?ocid=BingNews,GOP Senator: I ‘Disagree’ With DeSantis’ Ban on Local Mask Mandates,"“Local officials should have control here,” Sen. Cassidy said on Sunday, adding that it was not a “conservative principle” to undermine local government orders.",politics,"['Justin Baragona', 'Contributing Editor']",2021-08-08 14:24:37.266000+00:00,,https://www.thedailybeast.com/gop-senator-bill-cassidy-says-he-disagrees-with-desantis-banning-local-mask-mandates,"https://img.thedailybeast.com/image/upload/c_crop,d_placeholder_euli9k,h_720,w_1280,x_0,y_0/dpr_2.0/c_limit,w_740/fl_lossy,q_auto/v1628431766/state-union-jake-tapper-and-dana-bash_15_aicupo",
https://www.msn.com/en-us/news/us/us-senate-edges-toward-passage-of-1-tln-infrastructure-bill/ar-AAN4RVR?ocid=BingNews,$1 trillion U.S. infrastructure bill inches ahead with Senate votes,The U.S. Senate on Sunday took two more steps toward passing a $1 trillion bipartisan infrastructure bill by blessing the details of the largest U.S. investment in roads and bridges in decades and by moving to limit debate on the overall measure.,United States,"['Richard Cowan Arshad Mohammed', 'Richard Cowan', 'Arshad Mohammed']",2021-08-09 02:16:47+00:00,2021-08-09T02:17:02.843Z,https://www.reuters.com/world/us/us-senate-inches-toward-passing-1-trillion-infrastructure-bill-2021-08-09/,https://www.reuters.com/resizer/bBEf_fkahpWkhWq3rJJtO0asfeI=/800x419/smart/filters:quality(80)/cloudfront-us-east-2.images.arcpublishing.com/reuters/TTTFLJVFY5MNFLH337HL3P6DBE.jpg,
https://www.msn.com/en-us/news/politics/cassidy-disagrees-with-desantis-on-school-mask-mandate-ban/ar-AAN4Zs5?ocid=BingNews,Cassidy disagrees with DeSantis on school mask mandate ban,Republican Sen. Bill Cassidy disagrees with the move by GOP Gov. Ron DeSantis of Florida to sign an executive order a week and a half ago preventing school districts in his state from mandating that students and school employees wear masks.,,"['Paul Steinhauser', 'Paul Steinhauser Is A Politics Reporter Based In New Hampshire.']",,2021-08-08T12:29:06-04:00,https://www.foxnews.com/politics/cassidy-disagrees-with-desantis-on-school-mask-mandate-ban,https://static.foxnews.com/foxnews.com/content/uploads/2021/06/ron-desantis-thumb.png,false
https://www.msn.com/en-us/news/politics/retired-lt-col-alexander-vindman-says-fox-news-host-tucker-carlson-likes-to-demonize-and-hate-the-united-states/ar-AAN4L25?ocid=BingNews,Retired Lt. Col. Alexander Vindman says Fox News host Tucker Carlson likes to 'demonize and hate the United States',"Alexander Vindman, whose credibility Fox News host Tucker Carlson had also attacked, told CNN he related to the January 6 Capitol officers.",,['Alia Shoaib'],2021-08-08 00:00:00,2021-08-08T15:27:32Z,https://www.businessinsider.com/alexander-vindman-says-fox-news-tucker-carlson-hates-the-usa-cnn-2021-8,https://i.insider.com/610fdf3538aff700189070fa?width=1200&format=jpeg,false
https://www.msn.com/en-us/news/us/transcript-education-secretary-miguel-cardona-on-face-the-nation/ar-AAN4GQc?ocid=BingNews,"Transcript: Education Secretary Miguel Cardona on ""Face the Nation,"" August 8, 2021","The following is a transcript of an interview with Education Secretary Miguel Cardona that aired on Sunday, August 8, 2021, on ""Face the Nation.""",,[],,,https://www.cbsnews.com/news/transcript-education-secretary-miguel-cardona-face-the-nation-08-08-2021/,https://cbsnews3.cbsistatic.com/hub/i/r/2021/08/08/483157f8-e60f-475e-914b-ee4ddaa8538e/thumbnail/1200x630/7c6bc75d3efb4bf2ecf73e7d8d57ed67/screen-shot-2021-08-08-at-10-54-16-am.png,false
https://www.msn.com/en-us/news/politics/rnc-chair-ronna-mcdaniel-who-previously-affirmed-that-the-committee-would-be-neutral-in-the-2024-election-says-trump-still-leads-the-party/ar-AAN4BP2?ocid=BingNews,"RNC Chairwoman Ronna McDaniel, who previously said the committee would be neutral in the 2024 election, says Trump 'still leads the party'",McDaniel told the AP in January that the RNC would not pick a preferred candidate even if Trump were to jump into the 2024 GOP presidential primary.,,['John L. Dorman'],2021-08-08 00:00:00,2021-08-09T13:16:25Z,https://www.businessinsider.com/rnc-chair-ronna-mcdaniel-trump-leads-republican-party-2024-neutrality-2021-8,https://i.insider.com/610fe69238aff70018907170?width=1200&format=jpeg,false
https://www.msn.com/en-us/news/politics/red-blue-divide-extends-to-transit-funds-in-infrastructure-bill/ar-AAN4NCG?ocid=BingNews,A red-blue divide made transit money contentious in the infrastructure bill,A battle over highways and public transportation nearly derailed the Senate infrastructure deal.,,['Sahil Kapur Is A National Political Reporter For Nbc News.'],2021-08-08 15:24:00+00:00,Sun Aug 08 2021 21:43:20 GMT+0000 (UTC),https://www.nbcnews.com/politics/congress/red-blue-divide-made-transit-money-so-contentious-infrastructure-bill-n1275852,"https://media-cldnry.s-nbcnews.com/image/upload/t_nbcnews-fp-1200-630,f_auto,q_auto:best/newscms/2021_31/3496273/210803-california-metro-expansion-jm-1446.jpg",false
https://www.msn.com/en-us/news/politics/pennsylvania-democrat-fight-is-battle-in-left-versus-centrist-war/ar-AAN4moC?ocid=BingNews,Pennsylvania Democrat fight is battle in Left-versus-centrist war,The ascendance of Democratic pragmatists amid the party’s leftward lurch faces a key 2022 test with Rep. Conor Lamb’s entrance into the Pennsylvania Senate race.,US Campaign News,[],2021-08-08 10:30:35.398000,2021-08-08T10:30:51.539,https://www.washingtonexaminer.com/news/campaigns/pennsylvania-democrat-fight-is-battle-in-left-versus-centrist-war,https://mediadc.brightspotcdn.com/dims4/default/1ee5876/2147483647/strip/true/crop/3000x1575+0+0/resize/1200x630!/quality/90/?url=http%3A%2F%2Fmediadc-brightspot.s3.amazonaws.com%2Fcf%2F48%2F988b9c3043fab2bcc1375eb27178%2Fap-18072461207088.jpg,
https://www.msn.com/en-us/money/retirement/where-should-i-retire-marketwatch-s-updated-tool-warn-you-of-climate-risks-while-helping-you-find-your-dream-spot/ar-AAMVV1q?ocid=BingNews,Where should I retire? MarketWatch’s updated tool warns you of climate risks while helping you find your dream spot,You can exclude up to six categories of natural disasters.,,"['Katie Marriner', 'Silvia Ascarelli']",,,https://www.marketwatch.com/story/im-looking-for-my-dream-retirement-spot-but-i-want-to-avoid-hurricanes-drought-and-wildfires-11628086546,https://images.mktw.net/im-379660/social,false
https://www.msn.com/en-us/news/us/nba-foundations-300-million-bet-on-black-businesses-is-already-paying-off/ar-AAN4u09?ocid=BingNews,$6M in NBA grants go to Black-owned businesses and youth-focused groups,"<p>Shelly Bell’s company was hatched in an ordinary home in southeast Washington, D.C., five years ago, when friends contemplated the lack of opportunity and",,"['Curtis Bunn', 'Curtis Bunn Is An Atlanta-Based Journalist For Nbc Blk Who Writes About Race.']",2021-08-08 13:38:57+00:00,Sun Aug 08 2021 13:38:57 GMT+0000 (UTC),https://www.nbcnews.com/news/nbcblk/6m-nba-grants-go-black-owned-businesses-youth-focused-groups-rcna1610,"https://media-cldnry.s-nbcnews.com/image/upload/t_nbcnews-fp-1200-630,f_auto,q_auto:best/rockcms/2021-08/210807-nba-mb2130-c72f4f.jpg",false
https://www.msn.com/en-us/money/companies/company-with-3-nj-malls-touts-revenue-boost-new-stores-despite-losses/ar-AAN4Rdf?ocid=BingNews,"Company with 3 N.J. malls touts revenue boost, new stores, despite losses",,Business,"['Bill Duhart', 'For Nj.Com']",2021-08-08 16:30:00.256000+00:00,2021-08-08T16:30:00.256Z,https://www.nj.com/business/2021/08/company-with-3-nj-malls-touts-revenue-boost-new-stores-despite-losses.html,https://www.nj.com/resizer/udRMxKg3nORoV0jV-GQjFpZD5zE=/1280x0/smart/cloudfront-us-east-1.images.arcpublishing.com/advancelocal/3M62T7MO7ZCPVPHMHKE47EHI34.JPG,
https://www.msn.com/en-us/money/markets/seeing-link-between-wages-and-workers-more-businesses-raise-the-former-to-address-the-latter/ar-AAN4EFq?ocid=BingNews,"Seeing link between wages and workers, more businesses raise the former to address the latter",Hiking wages -- which also hikes costs -- is an economic third rail that companies are increasingly grabbing to address worker shortages.,,[],,,https://finance.yahoo.com/news/businesses-bite-the-bullet-hike-pay-to-lure-in-workers-124713615.html,https://s.yimg.com/ny/api/res/1.2/qFM7zRa_dGmxQL7O.Uxr0w--/YXBwaWQ9aGlnaGxhbmRlcjt3PTIwMDA7aD0xMzMz/https://s.yimg.com/os/creatr-uploaded-images/2021-08/58fcc570-f843-11eb-affb-e3c8d383084a,
https://www.msn.com/en-us/money/smallbusiness/kevin-o-leary-q-a-shark-tank-s-mr-wonderful-turns-judge-on-cnbc-s-money-court/ar-AAN4nk8?ocid=BingNews,Kevin O’Leary Q&A: Shark Tank’s Mr. Wonderful turns judge on CNBC’s ‘Money Court’,,Entertainment,"['Jmorona Cleveland.Com', 'Joey Morona', 'Cases An Early Episode Include A Husband Asking His Wife To Sell Their Home So He Can Work On A New Invention', 'An Investor', 'An Entrepreneur In Disagreement Over How To Use His', 'Investment', 'A Brother Who Accuses His Sister Of Failing To Pay Her Share On A Timeshare They Purchased Together.']",2021-08-08 09:30:00.338000+00:00,2021-08-08T09:30:00.338Z,https://www.cleveland.com/entertainment/2021/08/kevin-oleary-qa-shark-tanks-mr-wonderful-turns-judge-on-cnbcs-money-court.html,https://www.cleveland.com/resizer/6MTBWk7-xLDBNhhAYM9mYK9Qli8=/1280x0/smart/cloudfront-us-east-1.images.arcpublishing.com/advancelocal/H2F245ZNVNFO3JCNUCBJMKST5E.jpg,
https://www.msn.com/en-us/money/other/amc-disney-earnings-job-openings-inflation-data-top-week-ahead/ar-AAN4VvJ?ocid=BingNews,"AMC, Disney earnings, job openings, inflation data top week ahead",AMD and Disney are two companies that are likely to move financial markets in the coming days.,,['Lucas Manfredi'],,2021-08-09T06:11:45-04:00,https://www.foxbusiness.com/markets/job-openings-inflation-data-amc-earnings-top-week-ahead,https://a57.foxnews.com/static.foxbusiness.com/foxbusiness.com/content/uploads/2017/11/0/0/99d31ed2-wallstreet97.jpg?ve=1&tl=1,false
https://www.msn.com/en-us/money/companies/veoneer-agrees-to-talk-with-qualcomm-after-bid-exceeds-magna-s/ar-AAN4NQ2?ocid=BingNews,Are you a robot?,,,[],2021-08-08 00:00:00,,,,
https://www.msn.com/en-us/money/other/how-virtual-reality-will-change-trading-for-pros-and-everyone-else/ar-AAN4XQL?ocid=BingNews,How virtual reality will change trading for pros and everyone else,"Virtual reality and augmented reality tools are coming to professional and retail traders, and other financial professionals as well as their clients.",Technology,['Jason Gewirtz'],2021-08-08 00:00:00,2021-08-09T11:58:16+0000,https://www.cnbc.com/2021/08/08/how-virtual-reality-will-change-trading-for-pros-and-everyone-else.html,https://image.cnbcfm.com/api/v1/image/106923245-1628262842084TradeTech-Image-3.jpg?v=1628271298,false
https://www.msn.com/en-us/money/personalfinance/heres-how-the-biden-administration-might-make-it-easier-for-more-people-to-get-hired/ar-AAN4LkF?ocid=BingNews,Here's How the Biden Administration Might Make It Easier for More People to Get Hired,The Biden administration is cracking down on non-compete clauses in employment contracts. Here's what to know.,,[],2021-08-08 12:00:26.636349-04:00,2021-08-08T12:00:26.636349-04:00,https://www.fool.com/the-ascent/personal-finance/articles/heres-how-the-biden-administration-might-make-it-easier-for-more-people-to-get-hired/,https://m.foolcdn.com/media/affiliates/images/Young_woman_office_shaking_hands.2e16d0ba.fill-1080x1080_lSvUdk9.jpg,
https://www.msn.com/en-us/money/companies/philip-morris-heats-up-race-for-vectura-with-14-billion-bid/ar-AAN4qZl?ocid=BingNews,Are you a robot?,,,[],2021-08-08 00:00:00,,,,
https://www.msn.com/en-us/money/careers/a-lot-of-people-quit-a-job-with-the-intent-to-take-some-time-off-heres-how-to-financially-prepare/ar-AAN4FWR?ocid=BingNews,'A lot of people quit a job with the intent to take some time off': Here's how to financially prepare,"Before you quit your job, remember that until you find your next one, you'll still have to cover regular expenses and health insurance.",Make It - Money,['Gili Malinsky'],2021-08-08 00:00:00,2021-08-08T14:30:01+0000,https://grow.acorns.com/how-to-prepare-financially-in-between-jobs/,https://image.cnbcfm.com/api/v1/image/106915438-1626982943981-summer-hotel-vacation-resort-woman-friends-laughing-summertime-cabana-millennial_t20_YwOv0W.jpg?v=1626982983,false
https://www.msn.com/en-us/finance/companies/meet-the-typical-amazon-customer-a-college-educated-married-woman-in-the-south-earning-2480000/ar-AAN4HLK?ocid=BingNews,"Meet the typical Amazon customer, a college-educated married woman in the South earning $80,000","The typical Amazon customer buys just one or two items per transaction, and they make 74 purchases per year for an annual expense of $2,591.",,['Dominick Reuter'],2021-08-08 00:00:00,2021-08-08T14:08:30Z,https://www.businessinsider.com/typical-amazon-shopper-demographic-educated-woman-earning-middle-income-2021-7,https://i.insider.com/610d7bd838aff70018904d7b?width=1200&format=jpeg,false
