article_headline,article_url,article_topic,source_name,source_url,article_datetime,article_position,article_isopinion
Trump’s infrastructure sabotage has been a failure in the Senate,https://news.google.com/articles/CAIiEEpfQISAZw_0eNcAX69CWDEqFwgEKg8IACoHCAowlOzSATCaiDUwo9dy?hl=en-US&gl=US&ceid=US%3Aen,Headlines,Vox.com,https://news.google.com/publications/CAAqBwgKMJTs0gEwmog1?hl=en-US&gl=US&ceid=US%3Aen,2021-08-09T20:45:00Z,1.0,False
Senate Votes To Advance Bipartisan Infrastructure Bill,https://news.google.com/articles/CCAiC29OYVBTMFBhQkhZmAEB?hl=en-US&gl=US&ceid=US%3Aen,Headlines,NBC News,,2021-08-09T14:30:15Z,1.1,False
Infrastructure push slowed by Tennessee senator's objection,https://news.google.com/articles/CBMiU2h0dHBzOi8vbmV3cy55YWhvby5jb20vaW5mcmFzdHJ1Y3R1cmUtcHVzaC1zbG93ZWQtdGVubmVzc2VlLXNlbmF0b3JzLTA0MjIwMDU2Ni5odG1s0gFbaHR0cHM6Ly9uZXdzLnlhaG9vLmNvbS9hbXBodG1sL2luZnJhc3RydWN0dXJlLXB1c2gtc2xvd2VkLXRlbm5lc3NlZS1zZW5hdG9ycy0wNDIyMDA1NjYuaHRtbA?hl=en-US&gl=US&ceid=US%3Aen,Headlines,Yahoo News,,2021-08-09T04:24:49Z,1.2,False
"One awful bill, one terrible bill: Hope that Dems' double-dealing dooms them both",https://news.google.com/articles/CAIiEOmjpi8Z1gIgqNbKFJLngLsqGAgEKg8IACoHCAowhK-LAjD4ySww7NG0BQ?hl=en-US&gl=US&ceid=US%3Aen,Headlines,New York Post ,https://news.google.com/publications/CAAqBwgKMISviwIw-Mks?hl=en-US&gl=US&ceid=US%3Aen,2021-08-09T22:46:48Z,1.3,True
Opinion | Biden's centrist strategy makes sense: It can prevent Trump's return,https://news.google.com/articles/CAIiEDI4Zd8VefWfdd58QbZ7RdUqGAgEKg8IACoHCAowjtSUCjC30XQwzqe5AQ?hl=en-US&gl=US&ceid=US%3Aen,Headlines,The Washington Post,https://news.google.com/publications/CAAqBwgKMI7UlAowt9F0?hl=en-US&gl=US&ceid=US%3Aen,2021-08-09T18:36:22Z,1.4,True
"Get a Covid-19 Vaccine or Face Prison, Judges Order in Probation Cases",https://news.google.com/articles/CAIiEGtym9IUbeMgyqeX12lqHxMqFwgEKg8IACoHCAowjuuKAzCWrzwwloEY?hl=en-US&gl=US&ceid=US%3Aen,Headlines,The New York Times,https://news.google.com/publications/CAAqBwgKMI7rigMwlq88?hl=en-US&gl=US&ceid=US%3Aen,2021-08-09T20:10:38Z,2.0,False
Fake COVID-19 vaccination cards being created,https://news.google.com/articles/CCAiC01vNlJTcHVTXzdjmAEB?hl=en-US&gl=US&ceid=US%3Aen,Headlines,WESH 2 News,,2021-08-09T21:42:29Z,2.1,False
Fake COVID-19 vaccine cards online worry college officials,https://news.google.com/articles/CBMiQWh0dHBzOi8vbmV3cy55YWhvby5jb20vZmFrZS1jb3ZpZC0xOS12YWNjaW5lLWNhcmRzLTEzNDMwODMxOC5odG1s0gFJaHR0cHM6Ly9uZXdzLnlhaG9vLmNvbS9hbXBodG1sL2Zha2UtY292aWQtMTktdmFjY2luZS1jYXJkcy0xMzQzMDgzMTguaHRtbA?hl=en-US&gl=US&ceid=US%3Aen,Headlines,Yahoo News,,2021-08-09T13:43:08Z,2.2,False
'Vaccine passports' are taking off. How to prove your Covid-19 vaccination status on your phone,https://news.google.com/articles/CAIiEA9Gj1MOE8clEuYqsLCzqJYqGQgEKhAIACoHCAowocv1CjCSptoCMPrTpgU?hl=en-US&gl=US&ceid=US%3Aen,Headlines,CNN,https://news.google.com/publications/CAAqBwgKMKHL9QowkqbaAg?hl=en-US&gl=US&ceid=US%3Aen,2021-08-09T19:53:43Z,2.3,False
Meijer offering $10 vaccine incentive to college students,https://news.google.com/articles/CAIiEIG4t5uujP3sCLtM8RBFsGkqGQgEKhAIACoHCAow3qT_CjC1tPgCMLS-nwY?hl=en-US&gl=US&ceid=US%3Aen,Headlines,cleveland.com,https://news.google.com/publications/CAAqBwgKMN6k_wowtbT4Ag?hl=en-US&gl=US&ceid=US%3Aen,2021-08-09T18:49:33Z,2.4,False
"Major U.N. climate change report warns of ""extreme"" and ""unprecedented"" impacts",https://news.google.com/articles/CAIiEGLyHSSGrHIX0htldXl2UgsqGQgEKhAIACoHCAowyNj6CjDyiPICMJyFxQU?hl=en-US&gl=US&ceid=US%3Aen,Headlines,CBS News,https://news.google.com/publications/CAAqBwgKMMjY-gow8ojyAg?hl=en-US&gl=US&ceid=US%3Aen,2021-08-10T00:00:53Z,3.0,False
"Earth is warming faster than previously thought, scientists say, and the window is closing to avoid catastrophic outcomes",https://news.google.com/articles/CAIiEFws_6lbPVfPKL_YUrGpH9cqGQgEKhAIACoHCAowocv1CjCSptoCMPrTpgU?hl=en-US&gl=US&ceid=US%3Aen,Headlines,CNN,https://news.google.com/publications/CAAqBwgKMKHL9QowkqbaAg?hl=en-US&gl=US&ceid=US%3Aen,2021-08-09T14:56:18Z,3.1,False
Climate change: IPCC report is 'code red for humanity',https://news.google.com/articles/CBMiNWh0dHBzOi8vd3d3LmJiYy5jb20vbmV3cy9zY2llbmNlLWVudmlyb25tZW50LTU4MTMwNzA10gEA?hl=en-US&gl=US&ceid=US%3Aen,Headlines,BBC News,,2021-08-09T10:22:23Z,3.2,False
A Climate of Catastrophe,https://news.google.com/articles/CAIiEJJIPv_kBFxFuLgaVrITZrcqGAgEKg8IACoHCAow1tzJATDnyxUwycrPBg?hl=en-US&gl=US&ceid=US%3Aen,Headlines,The Wall Street Journal,https://news.google.com/publications/CAAqBwgKMNbcyQEw58sV?hl=en-US&gl=US&ceid=US%3Aen,2021-08-09T22:37:00Z,3.3,True
"This is the do-or-die decade for climate change, world scientists warn | TheHill",https://news.google.com/articles/CBMidmh0dHBzOi8vdGhlaGlsbC5jb20vb3Bpbmlvbi9lbmVyZ3ktZW52aXJvbm1lbnQvNTY2OTYwLXRoaXMtaXMtdGhlLWRvLW9yLWRpZS1kZWNhZGUtZm9yLWNsaW1hdGUtY2hhbmdlLXdvcmxkLXNjaWVudGlzdHPSAXpodHRwczovL3RoZWhpbGwuY29tL29waW5pb24vZW5lcmd5LWVudmlyb25tZW50LzU2Njk2MC10aGlzLWlzLXRoZS1kby1vci1kaWUtZGVjYWRlLWZvci1jbGltYXRlLWNoYW5nZS13b3JsZC1zY2llbnRpc3RzP2FtcA?hl=en-US&gl=US&ceid=US%3Aen,Headlines,The Hill,,2021-08-09T14:45:05Z,3.4,True
Prince Andrew Is Sued By A Woman Who Says He Sexually Assaulted Her When She Was 17,https://news.google.com/articles/CAIiELlRy9luuIFrI61VJun3pDQqFwgEKg4IACoGCAow9vBNMK3UCDCFpJYH?hl=en-US&gl=US&ceid=US%3Aen,Headlines,NPR,https://news.google.com/publications/CAAqBggKMPbwTTCt1Ag?hl=en-US&gl=US&ceid=US%3Aen,2021-08-09T22:40:06Z,4.0,False
Prince Andrew sued in New York by Virginia Roberts for alleged sex assault,https://news.google.com/articles/CAIiEGgigjNi3m5L82gYELflfYgqGAgEKg8IACoHCAowhK-LAjD4ySww-9S0BQ?hl=en-US&gl=US&ceid=US%3Aen,Headlines,New York Post ,https://news.google.com/publications/CAAqBwgKMISviwIw-Mks?hl=en-US&gl=US&ceid=US%3Aen,2021-08-09T17:43:35Z,4.1,False
Alleged Epstein victim sues Prince Andrew for sexual abuse,https://news.google.com/articles/CBMiYmh0dHBzOi8vYWJjbmV3cy5nby5jb20vVVMvYWxsZWdlZC1lcHN0ZWluLXZpY3RpbS1zdWVzLXByaW5jZS1hbmRyZXctc2V4dWFsLWFidXNlL3N0b3J5P2lkPTc5MzY3MTI20gFmaHR0cHM6Ly9hYmNuZXdzLmdvLmNvbS9hbXAvVVMvYWxsZWdlZC1lcHN0ZWluLXZpY3RpbS1zdWVzLXByaW5jZS1hbmRyZXctc2V4dWFsLWFidXNlL3N0b3J5P2lkPTc5MzY3MTI2?hl=en-US&gl=US&ceid=US%3Aen,Headlines,ABC News,,2021-08-09T21:04:24Z,4.2,False
"Epstein accuser sues Prince Andrew, alleging sexual abuse",https://news.google.com/articles/CCAiC3hCRkNFTWV5YUhjmAEB?hl=en-US&gl=US&ceid=US%3Aen,Headlines,CBS Evening News,,2021-08-09T23:07:16Z,4.3,False
Epstein accuser sues Prince Andrew for alleged sex abuse,https://news.google.com/articles/CAIiED0Eq0-AIkyO67Y0aVIFOwQqGQgEKhAIACoHCAowvIaCCzDnxf4CMN2F8gU?hl=en-US&gl=US&ceid=US%3Aen,Headlines,NBC News,https://news.google.com/publications/CAAqBwgKMLyGggsw58X-Ag?hl=en-US&gl=US&ceid=US%3Aen,2021-08-09T21:56:00Z,4.4,False
Florida governor's office says state could withhold salaries of officials who enact school mask mandates,https://news.google.com/articles/CAIiEHv_GX17pg2kF8LR8SQgiCIqGQgEKhAIACoHCAowocv1CjCSptoCMPrTpgU?hl=en-US&gl=US&ceid=US%3Aen,Headlines,CNN,https://news.google.com/publications/CAAqBwgKMKHL9QowkqbaAg?hl=en-US&gl=US&ceid=US%3Aen,2021-08-10T00:39:11Z,5.0,False
"Florida Gov. DeSantis to school officials: Enforce mask mandate, get your salaries withheld",https://news.google.com/articles/CBMipQFodHRwczovL3d3dy51c2F0b2RheS5jb20vc3RvcnkvbmV3cy9wb2xpdGljcy8yMDIxLzA4LzA5L2Zsb3JpZGEtZ292LWRlc2FudGlzLXRocmVhdGVucy1zYWxhcmllcy1zY2hvb2wtc3VwZXJpbnRlbmRlbnRzLXNjaG9vbC1ib2FyZC1tZW1iZXJzLW1hc2stbWFuZGF0ZXMvNTU0NjIxNTAwMS_SASdodHRwczovL2FtcC51c2F0b2RheS5jb20vYW1wLzU1NDYyMTUwMDE?hl=en-US&gl=US&ceid=US%3Aen,Headlines,USA TODAY,,2021-08-09T22:18:04Z,5.1,False
DeSantis threatens to withhold salaries of school officials defying mask mandates ban,https://news.google.com/articles/CCAiC19fZTBBQ0RFUURRmAEB?hl=en-US&gl=US&ceid=US%3Aen,Headlines,CNN,,2021-08-10T00:14:05Z,5.2,False
Opinion | Why our school district is defying Florida's ban on mask mandates — even if it means we lose funding,https://news.google.com/articles/CAIiEFEFSmKhFMZJYsX9fx4uebIqGAgEKg8IACoHCAowjtSUCjC30XQwzqe5AQ?hl=en-US&gl=US&ceid=US%3Aen,Headlines,The Washington Post,https://news.google.com/publications/CAAqBwgKMI7UlAowt9F0?hl=en-US&gl=US&ceid=US%3Aen,2021-08-09T18:32:18Z,5.3,True
"DeSantis, Republicans are shamefully scapegoating immigrants on COVID",https://news.google.com/articles/CAIiEN6vvaBBctg0rP8jxeqnydcqGQgEKhAIACoHCAow7oX-CjCjzPYCMNDh3AU?hl=en-US&gl=US&ceid=US%3Aen,Headlines,Charlotte Observer,https://news.google.com/publications/CAAqBwgKMO6F_gowo8z2Ag?hl=en-US&gl=US&ceid=US%3Aen,2021-08-09T11:45:58Z,5.4,True
Trump’s infrastructure sabotage has been a failure in the Senate,https://news.google.com/articles/CAIiEEpfQISAZw_0eNcAX69CWDEqFwgEKg8IACoHCAowlOzSATCaiDUwo9dy?hl=en-US&gl=US&ceid=US%3Aen,U.S.,Vox.com,https://news.google.com/publications/CAAqBwgKMJTs0gEwmog1?hl=en-US&gl=US&ceid=US%3Aen,2021-08-09T20:45:00Z,6.0,False
Senate Votes To Advance Bipartisan Infrastructure Bill,https://news.google.com/articles/CCAiC29OYVBTMFBhQkhZmAEB?hl=en-US&gl=US&ceid=US%3Aen,U.S.,NBC News,,2021-08-09T14:30:15Z,6.1,False
Infrastructure push slowed by Tennessee senator's objection,https://news.google.com/articles/CBMiU2h0dHBzOi8vbmV3cy55YWhvby5jb20vaW5mcmFzdHJ1Y3R1cmUtcHVzaC1zbG93ZWQtdGVubmVzc2VlLXNlbmF0b3JzLTA0MjIwMDU2Ni5odG1s0gFbaHR0cHM6Ly9uZXdzLnlhaG9vLmNvbS9hbXBodG1sL2luZnJhc3RydWN0dXJlLXB1c2gtc2xvd2VkLXRlbm5lc3NlZS1zZW5hdG9ycy0wNDIyMDA1NjYuaHRtbA?hl=en-US&gl=US&ceid=US%3Aen,U.S.,Yahoo News,,2021-08-09T04:24:49Z,6.2,False
"One awful bill, one terrible bill: Hope that Dems' double-dealing dooms them both",https://news.google.com/articles/CAIiEOmjpi8Z1gIgqNbKFJLngLsqGAgEKg8IACoHCAowhK-LAjD4ySww7NG0BQ?hl=en-US&gl=US&ceid=US%3Aen,U.S.,New York Post ,https://news.google.com/publications/CAAqBwgKMISviwIw-Mks?hl=en-US&gl=US&ceid=US%3Aen,2021-08-09T22:46:48Z,6.3,True
Opinion | Democrats can't neglect either democracy or the economy,https://news.google.com/articles/CAIiEAVap6_n6ovIZ2IRIAl9CoYqGAgEKg8IACoHCAowjtSUCjC30XQw_qe5AQ?hl=en-US&gl=US&ceid=US%3Aen,U.S.,The Washington Post,https://news.google.com/publications/CAAqBwgKMI7UlAowt9F0?hl=en-US&gl=US&ceid=US%3Aen,2021-08-09T14:33:43Z,6.4,True
Brothers charged in fatal shooting of Chicago police officer Ella French,https://news.google.com/articles/CAIiEHKvM9WTkU1tzok7UyikdhsqGQgEKhAIACoHCAowv4j_CjCZg_gCMNO25AU?hl=en-US&gl=US&ceid=US%3Aen,U.S.,WGN TV Chicago,https://news.google.com/publications/CAAqBwgKML-I_wowmYP4Ag?hl=en-US&gl=US&ceid=US%3Aen,2021-08-09T23:52:26Z,7.0,False
Chicago cops turn their backs to Mayor Lightfoot at hospital after two officers shot,https://news.google.com/articles/CAIiEEOPEw7SGCoJlfz4rjYsLu4qGQgEKhAIACoHCAowwL2ICzCckocDMMaPqQY?hl=en-US&gl=US&ceid=US%3Aen,U.S.,Fox News,https://news.google.com/publications/CAAqBwgKMMC9iAswnJKHAw?hl=en-US&gl=US&ceid=US%3Aen,2021-08-09T19:15:55Z,7.1,False
"Chicago shooting: Security guard killed, another among 4 others wounded in South Side club shooting, Chicago police say",https://news.google.com/articles/CBMiV2h0dHBzOi8vYWJjN2NoaWNhZ28uY29tL2NoaWNhZ28tc2hvb3Rpbmctc291dGgtc2lkZS1uaWdodC1jbHViLW5lYXItbWUtcG9saWNlLzEwOTQwMDg0L9IBW2h0dHBzOi8vYWJjN2NoaWNhZ28uY29tL2FtcC9jaGljYWdvLXNob290aW5nLXNvdXRoLXNpZGUtbmlnaHQtY2x1Yi1uZWFyLW1lLXBvbGljZS8xMDk0MDA4NC8?hl=en-US&gl=US&ceid=US%3Aen,U.S.,WLS-TV,,2021-08-09T10:50:10Z,7.2,False
Editorial: Death of police officer hits home in Chicago,https://news.google.com/articles/CAIiEJcr6j0XNcLm2VJUhSDYjR0qFwgEKg4IACoGCAowlPVUMLXBDDCm4M0G?hl=en-US&gl=US&ceid=US%3Aen,U.S.,Chicago Tribune,https://news.google.com/publications/CAAqBggKMJT1VDC1wQw?hl=en-US&gl=US&ceid=US%3Aen,2021-08-09T20:16:44Z,7.3,True
"2 CPD officers shot, 1 killed in South Side shooting; 3 in custody",https://news.google.com/articles/CCAiC0w2dGFWOHFJaW1nmAEB?hl=en-US&gl=US&ceid=US%3Aen,U.S.,ABC 7 Chicago,,2021-08-09T17:00:22Z,7.4,False
"Get a Covid-19 Vaccine or Face Prison, Judges Order in Probation Cases",https://news.google.com/articles/CAIiEGtym9IUbeMgyqeX12lqHxMqFwgEKg8IACoHCAowjuuKAzCWrzwwloEY?hl=en-US&gl=US&ceid=US%3Aen,U.S.,The New York Times,https://news.google.com/publications/CAAqBwgKMI7rigMwlq88?hl=en-US&gl=US&ceid=US%3Aen,2021-08-09T20:10:38Z,8.0,False
Fake COVID-19 vaccination cards being created,https://news.google.com/articles/CCAiC01vNlJTcHVTXzdjmAEB?hl=en-US&gl=US&ceid=US%3Aen,U.S.,WESH 2 News,,2021-08-09T21:42:29Z,8.1,False
Fake COVID-19 vaccine cards online worry college officials,https://news.google.com/articles/CBMiQWh0dHBzOi8vbmV3cy55YWhvby5jb20vZmFrZS1jb3ZpZC0xOS12YWNjaW5lLWNhcmRzLTEzNDMwODMxOC5odG1s0gFJaHR0cHM6Ly9uZXdzLnlhaG9vLmNvbS9hbXBodG1sL2Zha2UtY292aWQtMTktdmFjY2luZS1jYXJkcy0xMzQzMDgzMTguaHRtbA?hl=en-US&gl=US&ceid=US%3Aen,U.S.,Yahoo News,,2021-08-09T13:43:08Z,8.2,False
August is Immunization Awareness Month | FOX6 News Milwaukee,https://news.google.com/articles/CCAiC3FIamhudmdWcE0wmAEB?hl=en-US&gl=US&ceid=US%3Aen,U.S.,FOX6 News Milwaukee,,2021-08-09T22:35:43Z,8.3,False
Meijer offering $10 vaccine incentive to college students,https://news.google.com/articles/CAIiEIG4t5uujP3sCLtM8RBFsGkqGQgEKhAIACoHCAow3qT_CjC1tPgCMLS-nwY?hl=en-US&gl=US&ceid=US%3Aen,U.S.,cleveland.com,https://news.google.com/publications/CAAqBwgKMN6k_wowtbT4Ag?hl=en-US&gl=US&ceid=US%3Aen,2021-08-09T18:49:33Z,8.4,False
Suspect in Fire at French Cathedral Is Arrested in Killing of a Priest,https://news.google.com/articles/CAIiEDH6-11qFotsVeJYsB5aUZIqFwgEKg8IACoHCAowjuuKAzCWrzww5oEY?hl=en-US&gl=US&ceid=US%3Aen,World,The New York Times,https://news.google.com/publications/CAAqBwgKMI7rigMwlq88?hl=en-US&gl=US&ceid=US%3Aen,2021-08-09T20:09:57Z,9.0,False
Man under investigation for cathedral fire now suspected of killing French priest,https://news.google.com/articles/CBMidmh0dHBzOi8vd3d3Lm5iY25ld3MuY29tL25ld3Mvd29ybGQvbWFuLXVuZGVyLWludmVzdGlnYXRpb24tY2F0aGVkcmFsLWZpcmUtbm93LXN1c3BlY3RlZC1raWxsaW5nLWZyZW5jaC1wcmllc3QtbjEyNzYzMzHSASxodHRwczovL3d3dy5uYmNuZXdzLmNvbS9uZXdzL2FtcC9uY25hMTI3NjMzMQ?hl=en-US&gl=US&ceid=US%3Aen,World,NBC News,,2021-08-09T14:58:44Z,9.1,False
Catholic priest killed by suspected cathedral arsonist in France,https://news.google.com/articles/CAIiEKfgzyubw4mEAcluIODCKGMqGQgEKhAIACoHCAowyNj6CjDyiPICMKb_xAU?hl=en-US&gl=US&ceid=US%3Aen,World,CBS News,https://news.google.com/publications/CAAqBwgKMMjY-gow8ojyAg?hl=en-US&gl=US&ceid=US%3Aen,2021-08-09T16:27:35Z,9.2,False
"French priest killed by man who set fire to Nantes cathedral, prosecutors say",https://news.google.com/articles/CAIiEDMXd6-K2bN2g9w0LhmiLPYqGAgEKg8IACoHCAowjtSUCjC30XQwn6G5AQ?hl=en-US&gl=US&ceid=US%3Aen,World,The Washington Post,https://news.google.com/publications/CAAqBwgKMI7UlAowt9F0?hl=en-US&gl=US&ceid=US%3Aen,2021-08-09T19:27:23Z,9.3,False
French Catholic priest murdered by Rwandan refugee who torched cathedral in 2020,https://news.google.com/articles/CBMib2h0dHBzOi8vd3d3LnRpbWVzb2Zpc3JhZWwuY29tL2ZyZW5jaC1jYXRob2xpYy1wcmllc3QtbXVyZGVyZWQtYnktcndhbmRhbi1yZWZ1Z2VlLXdoby10b3JjaGVkLWNhdGhlZHJhbC1pbi0yMDIwL9IBc2h0dHBzOi8vd3d3LnRpbWVzb2Zpc3JhZWwuY29tL2ZyZW5jaC1jYXRob2xpYy1wcmllc3QtbXVyZGVyZWQtYnktcndhbmRhbi1yZWZ1Z2VlLXdoby10b3JjaGVkLWNhdGhlZHJhbC1pbi0yMDIwL2FtcC8?hl=en-US&gl=US&ceid=US%3Aen,World,The Times of Israel,,2021-08-09T16:51:28Z,9.4,False
Biden pushes sanctions against Belarus' Lukashenko regime,https://news.google.com/articles/CBMibmh0dHBzOi8vd3d3Lm5iY25ld3MuY29tL3BvbGl0aWNzL3doaXRlLWhvdXNlL2JpZGVuLXB1c2hlcy1zYW5jdGlvbnMtYWdhaW5zdC1iZWxhcnVzLWx1a2FzaGVua28tcmVnaW1lLW4xMjc2MzYw0gEsaHR0cHM6Ly93d3cubmJjbmV3cy5jb20vbmV3cy9hbXAvbmNuYTEyNzYzNjA?hl=en-US&gl=US&ceid=US%3Aen,World,NBC News,,2021-08-09T16:47:00Z,10.0,False
"Belarus's president tells UK to ""choke"" on sanctions - BBC News",https://news.google.com/articles/CCAiC2FDTnJPTlpJTGI0mAEB?hl=en-US&gl=US&ceid=US%3Aen,World,BBC News,,2021-08-09T19:27:26Z,10.1,False
Sviatlana Tsikhanouskaya: ‘Belarusians weren’t ready for this level of cruelty’,https://news.google.com/articles/CAIiEMGgRHU2fR3ZrG5WoSf5eSEqFggEKg4IACoGCAowl6p7MN-zCTDlkko?hl=en-US&gl=US&ceid=US%3Aen,World,The Guardian,https://news.google.com/publications/CAAqBggKMJeqezDfswk?hl=en-US&gl=US&ceid=US%3Aen,2021-08-09T19:10:26Z,10.2,False
US support for Belarus must persist | TheHill,https://news.google.com/articles/CBMiVGh0dHBzOi8vdGhlaGlsbC5jb20vb3Bpbmlvbi9pbnRlcm5hdGlvbmFsLzU2Njc1OC11cy1zdXBwb3J0LWZvci1iZWxhcnVzLW11c3QtcGVyc2lzdNIBWGh0dHBzOi8vdGhlaGlsbC5jb20vb3Bpbmlvbi9pbnRlcm5hdGlvbmFsLzU2Njc1OC11cy1zdXBwb3J0LWZvci1iZWxhcnVzLW11c3QtcGVyc2lzdD9hbXA?hl=en-US&gl=US&ceid=US%3Aen,World,The Hill,,2021-08-08T11:00:08Z,10.3,True
Lukashenko strikes defiant note a year after contested Belarus election,https://news.google.com/articles/CBMiT2h0dHBzOi8vbmV3cy55YWhvby5jb20vbHVrYXNoZW5rby1zdHJpa2VzLWRlZmlhbnQtbm90ZS1jb250ZXN0ZWQtMDk0MjI2NzkyLmh0bWzSAVdodHRwczovL25ld3MueWFob28uY29tL2FtcGh0bWwvbHVrYXNoZW5rby1zdHJpa2VzLWRlZmlhbnQtbm90ZS1jb250ZXN0ZWQtMDk0MjI2NzkyLmh0bWw?hl=en-US&gl=US&ceid=US%3Aen,World,Yahoo News,,2021-08-09T09:42:26Z,10.4,False
"Tropical Storm Watches Issued For Lesser Antilles, Puerto Rico; System Likely to Become 'Fred' | The Weather Channel - Articles from The Weather Channel | weather.com",https://news.google.com/articles/CBMiZmh0dHBzOi8vd2VhdGhlci5jb20vc3Rvcm1zL2h1cnJpY2FuZS9uZXdzLzIwMjEtMDgtMDktcG90ZW50aWFsLXRyb3BpY2FsLWN5Y2xvbmUtc2l4LWNhcmliYmVhbi1mb3JlY2FzdNIBAA?hl=en-US&gl=US&ceid=US%3Aen,World,The Weather Channel,,2021-08-10T00:00:00Z,11.0,False
Monday Morning Tropical Update: Tropical Depression will likely form soon,https://news.google.com/articles/CCAiCzZUZ250U19OS3lvmAEB?hl=en-US&gl=US&ceid=US%3Aen,World,WWLTV,,2021-08-09T12:41:13Z,11.1,False
NHC: Potential Tropical Cyclone 6 expected to become tropical storm Monday night,https://news.google.com/articles/CAIiELmXIqH4e94O5aaAy2IGcBMqGAgEKg8IACoHCAowvKn6ATDm2hYw7MWYBg?hl=en-US&gl=US&ceid=US%3Aen,World,WESH 2 Orlando,https://news.google.com/publications/CAAqBwgKMLyp-gEw5toW?hl=en-US&gl=US&ceid=US%3Aen,2021-08-09T22:30:00Z,11.2,False
Tropical storm watches are issued ahead of what could be Fred,https://news.google.com/articles/CAIiEPpCLGYJjE_hFkbQ6POqVpsqGQgEKhAIACoHCAowocv1CjCSptoCMPrTpgU?hl=en-US&gl=US&ceid=US%3Aen,World,CNN,https://news.google.com/publications/CAAqBwgKMKHL9QowkqbaAg?hl=en-US&gl=US&ceid=US%3Aen,2021-08-09T22:10:12Z,11.3,False
Tropical warnings likely to be issued for Puerto Rico with storm formation possible in the Atlantic Monday,https://news.google.com/articles/CBMiogFodHRwczovL3d3dy5tc24uY29tL2VuLXVzL3dlYXRoZXIvdG9wc3Rvcmllcy90cm9waWNhbC13YXJuaW5ncy1saWtlbHktdG8tYmUtaXNzdWVkLWZvci1wdWVydG8tcmljby13aXRoLXN0b3JtLWZvcm1hdGlvbi1wb3NzaWJsZS1pbi10aGUtYXRsYW50aWMtbW9uZGF5L2FyLUFBTjdiY0bSAQA?hl=en-US&gl=US&ceid=US%3Aen,World,msnNOW,,2021-08-09T22:10:12Z,11.4,False
"U.S. consumers' near-term inflation expectations remain high, New York Fed",https://news.google.com/articles/CBMiTWh0dHBzOi8vZmluYW5jZS55YWhvby5jb20vbmV3cy91LWNvbnN1bWVycy1uZWFyLXRlcm0taW5mbGF0aW9uLTE1MDMyOTk5OC5odG1s0gFVaHR0cHM6Ly9maW5hbmNlLnlhaG9vLmNvbS9hbXBodG1sL25ld3MvdS1jb25zdW1lcnMtbmVhci10ZXJtLWluZmxhdGlvbi0xNTAzMjk5OTguaHRtbA?hl=en-US&gl=US&ceid=US%3Aen,Business,Yahoo Finance,,2021-08-09T15:03:29Z,12.0,False
Markets Aren't Bothered By Inflation,https://news.google.com/articles/CCAiC1pESllVLUpJeXZBmAEB?hl=en-US&gl=US&ceid=US%3Aen,Business,Bloomberg Markets and Finance,,2021-08-09T20:20:03Z,12.1,False
"Fed officials say tapering is near, advancing discussion on rate hike",https://news.google.com/articles/CBMiZ2h0dHBzOi8vd3d3LnJldXRlcnMuY29tL3dvcmxkL3VzL2ZlZHMtYm9zdGljLXNheXMtaGUtZmF2b3JzLWJhbGFuY2VkLWZhc3QtYXBwcm9hY2gtdGFwZXJpbmctMjAyMS0wOC0wOS_SAQA?hl=en-US&gl=US&ceid=US%3Aen,Business,Reuters,,2021-08-09T20:54:00Z,12.2,False
Should we worry about the 'silent thief' of inflation?,https://news.google.com/articles/CBMiXWh0dHBzOi8vd3d3Lm9kdC5jby5uei9idXNpbmVzcy9zaG91bGQtd2Utd29ycnktYWJvdXQtJUUyJTgwJTk4c2lsZW50LXRoaWVmJUUyJTgwJTk5LWluZmxhdGlvbtIBAA?hl=en-US&gl=US&ceid=US%3Aen,Business,Otago Daily Times,,2021-08-08T16:30:00Z,12.3,True
"Fed should begin slowing stimulus efforts by fall, Boston Fed's Rosengren says",https://news.google.com/articles/CAIiEN30n4JIfFOgb_VBoGSAQwkqGQgEKhAIACoHCAow2Nb3CjDivdcCMP3ungY?hl=en-US&gl=US&ceid=US%3Aen,Business,CNBC,https://news.google.com/publications/CAAqBwgKMNjW9wow4r3XAg?hl=en-US&gl=US&ceid=US%3Aen,2021-08-10T00:24:53Z,12.4,False
AMC Theatres and Warner Bros. Agree to Shorten Theatrical Window,https://news.google.com/articles/CAIiEF-ZgXZma4KAfefa-YR3k4UqFwgEKg8IACoHCAowraj2AjC5-iIw3Itb?hl=en-US&gl=US&ceid=US%3Aen,Business,Variety,https://news.google.com/publications/CAAqBwgKMK2o9gIwufoi?hl=en-US&gl=US&ceid=US%3Aen,2021-08-09T21:54:23Z,13.0,False
"AMC reports earnings after the bell, here's what to expect",https://news.google.com/articles/CCAiC3YxY0phdHBkb0ZrmAEB?hl=en-US&gl=US&ceid=US%3Aen,Business,Yahoo Finance,,2021-08-09T16:58:00Z,13.1,False
AMC reaches deal with Warner Bros. for 45 days theatrical exclusivity in 2022,https://news.google.com/articles/CAIiEIGuKX3b2kv6YNckXYubSOcqGQgEKhAIACoHCAow2Nb3CjDivdcCMJ_5ngY?hl=en-US&gl=US&ceid=US%3Aen,Business,CNBC,https://news.google.com/publications/CAAqBwgKMNjW9wow4r3XAg?hl=en-US&gl=US&ceid=US%3Aen,2021-08-09T22:48:28Z,13.2,False
Why AMC Entertainment Is Rising Today,https://news.google.com/articles/CBMiUGh0dHBzOi8vd3d3LmZvb2wuY29tL2ludmVzdGluZy8yMDIxLzA4LzA5L3doeS1hbWMtZW50ZXJ0YWlubWVudC1pcy1yaXNpbmctdG9kYXkv0gFUaHR0cHM6Ly93d3cuZm9vbC5jb20vYW1wL2ludmVzdGluZy8yMDIxLzA4LzA5L3doeS1hbWMtZW50ZXJ0YWlubWVudC1pcy1yaXNpbmctdG9kYXkv?hl=en-US&gl=US&ceid=US%3Aen,Business,Motley Fool,,2021-08-09T15:49:54Z,13.3,False
AMC Stock: AMC Earnings Beat As CEO Hails 'Transformational' Quarter For Meme Stock Investor's Business Daily,https://news.google.com/articles/CAIiEA4YMOBNdVeve9TQETDnPVgqGQgEKhAIACoHCAowzpuGCzCQ9YMDMOT8twY?hl=en-US&gl=US&ceid=US%3Aen,Business,Investor's Business Daily,https://news.google.com/publications/CAAqBwgKMM6bhgswkPWDAw?hl=en-US&gl=US&ceid=US%3Aen,2021-08-09T21:35:43Z,13.4,False
Unfilled Job Openings Outnumber Unemployed Americans Seeking Work,https://news.google.com/articles/CAIiEF4Vs2Sbjjr_RXkDtCELVSAqGAgEKg8IACoHCAow1tzJATDnyxUwx8rPBg?hl=en-US&gl=US&ceid=US%3Aen,Business,The Wall Street Journal,https://news.google.com/publications/CAAqBwgKMNbcyQEw58sV?hl=en-US&gl=US&ceid=US%3Aen,2021-08-09T17:45:00Z,14.0,False
This is a first: The US has 10 million job openings,https://news.google.com/articles/CAIiELBUkpKpc4-e_mu_xa6sXEcqGQgEKhAIACoHCAowocv1CjCSptoCMPrTpgU?hl=en-US&gl=US&ceid=US%3Aen,Business,CNN,https://news.google.com/publications/CAAqBwgKMKHL9QowkqbaAg?hl=en-US&gl=US&ceid=US%3Aen,2021-08-09T18:10:35Z,14.1,False
"Job openings surge above 10 million for first time ever, Labor Department says",https://news.google.com/articles/CAIiEHRatZ0yftHkY5MmCyC-QesqGQgEKhAIACoHCAow2Nb3CjDivdcCMIvwngY?hl=en-US&gl=US&ceid=US%3Aen,Business,CNBC,https://news.google.com/publications/CAAqBwgKMNjW9wow4r3XAg?hl=en-US&gl=US&ceid=US%3Aen,2021-08-09T17:18:34Z,14.2,False
US: JOLTS Job Openings rise to series-high of 10.1 million in June,https://news.google.com/articles/CBMia2h0dHBzOi8vd3d3LmZ4c3RyZWV0LmNvbS9uZXdzL3VzLWpvbHRzLWpvYi1vcGVuaW5ncy1yaXNlLXRvLXNlcmllcy1oaWdoLW9mLTEwMS1taWxsaW9uLWluLWp1bmUtMjAyMTA4MDkxNDA20gFvaHR0cHM6Ly93d3cuZnhzdHJlZXQuY29tL2FtcC9uZXdzL3VzLWpvbHRzLWpvYi1vcGVuaW5ncy1yaXNlLXRvLXNlcmllcy1oaWdoLW9mLTEwMS1taWxsaW9uLWluLWp1bmUtMjAyMTA4MDkxNDA2?hl=en-US&gl=US&ceid=US%3Aen,Business,FXStreet,,2021-08-09T20:00:00Z,14.3,False
"Job openings set new highs in June, but employers made progress in filling them.",https://news.google.com/articles/CAIiEPenXukIocQGjtwCfEPxbFsqFwgEKg8IACoHCAowjuuKAzCWrzww9oAY?hl=en-US&gl=US&ceid=US%3Aen,Business,The New York Times,https://news.google.com/publications/CAAqBwgKMI7rigMwlq88?hl=en-US&gl=US&ceid=US%3Aen,2021-08-10T00:51:13Z,14.4,False
Apple Says It Won't Let the Government Turn Its Child Abuse Detection Tools Into a Surveillance Weapon,https://news.google.com/articles/CAIiEEj0JO_jHHOSMcjD4R9zSkIqFQgEKg0IACoGCAowlIECMLBMMJ-mHg?hl=en-US&gl=US&ceid=US%3Aen,Technology,Gizmodo,https://news.google.com/publications/CAAqBggKMJSBAjCwTA?hl=en-US&gl=US&ceid=US%3Aen,2021-08-09T23:45:00Z,15.0,False
Apple says it will reject any government demands to use new child sexual abuse image detection system for surveillance,https://news.google.com/articles/CAIiEHchwR5GH0oThLptNdaBUh0qGQgEKhAIACoHCAow2Nb3CjDivdcCMP3ungY?hl=en-US&gl=US&ceid=US%3Aen,Technology,CNBC,https://news.google.com/publications/CAAqBwgKMNjW9wow4r3XAg?hl=en-US&gl=US&ceid=US%3Aen,2021-08-09T21:35:23Z,15.1,False
Apple pushes back against child abuse scanning concerns in new FAQ,https://news.google.com/articles/CAIiEMqxEPG70_OWAA7qEsAJmpMqFggEKg4IACoGCAow3O8nMMqOBjD38Ak?hl=en-US&gl=US&ceid=US%3Aen,Technology,The Verge,https://news.google.com/publications/CAAqBggKMNzvJzDKjgY?hl=en-US&gl=US&ceid=US%3Aen,2021-08-09T10:49:08Z,15.2,False
Apple responds to critics of CSAM scan plan with FAQs - says it'd block governments subverting its system,https://news.google.com/articles/CAIiEE8lJRT7dyImbAkiFbr26bgqMwgEKioIACIQyKvy0DxcsbRLQKQhOygtHCoUCAoiEMir8tA8XLG0S0CkITsoLRww7bLrBg?hl=en-US&gl=US&ceid=US%3Aen,Technology,The Register,https://news.google.com/publications/CAAiEMir8tA8XLG0S0CkITsoLRwqFAgKIhDIq_LQPFyxtEtApCE7KC0c?hl=en-US&gl=US&ceid=US%3Aen,2021-08-09T21:37:09Z,15.3,False
"Apple defends scanning iPhones for child abuse images, saying algorithm only identifies flagged pics",https://news.google.com/articles/CAIiEDsbxh4nqYRO1UXmM7XoXvsqGQgEKhAIACoHCAowzuOICzCZ4ocDMM7TqQY?hl=en-US&gl=US&ceid=US%3Aen,Technology,Daily Mail,https://news.google.com/publications/CAAqBwgKMM7jiAswmeKHAw?hl=en-US&gl=US&ceid=US%3Aen,2021-08-09T21:52:52Z,15.4,False
Fortnite’s Ariana Grande concert offers a taste of music in the metaverse,https://news.google.com/articles/CAIiEFCb2g465Lx5avIm59P7hVYqFAgEKg0IACoGCAowlIEBMLEXMOc_?hl=en-US&gl=US&ceid=US%3Aen,Technology,TechCrunch,https://news.google.com/publications/CAAqBggKMJSBATCxFw?hl=en-US&gl=US&ceid=US%3Aen,2021-08-09T20:33:05Z,16.0,False
I Woke From A Coma Into A Fortnite-Obsessed World,https://news.google.com/articles/CAIiEMimUgd1OgHdfetWlLuCf3MqFQgEKg0IACoGCAow9YACMKFMMLOpHg?hl=en-US&gl=US&ceid=US%3Aen,Technology,Kotaku,https://news.google.com/publications/CAAqBggKMPWAAjChTA?hl=en-US&gl=US&ceid=US%3Aen,2021-08-09T17:05:00Z,16.1,False
Ariana Grande’s Fortnite tour was a moment years in the making,https://news.google.com/articles/CAIiEPg7rpU_6cPYWcPY452Mz4sqFggEKg4IACoGCAow3O8nMMqOBjD38Ak?hl=en-US&gl=US&ceid=US%3Aen,Technology,The Verge,https://news.google.com/publications/CAAqBggKMNzvJzDKjgY?hl=en-US&gl=US&ceid=US%3Aen,2021-08-09T17:30:00Z,16.2,False
"‘Fortnite’ Superman release date, time, and challenges: When does the skin come out?",https://news.google.com/articles/CAIiEOkh1GK5KHjP7PUZd1WHzoYqGQgEKhAIACoHCAowvfmRCzCeoqcDMJb_ugY?hl=en-US&gl=US&ceid=US%3Aen,Technology,Inverse,https://news.google.com/publications/CAAqBwgKML35kQswnqKnAw?hl=en-US&gl=US&ceid=US%3Aen,2021-08-09T16:28:17Z,16.3,False
"After Consecutive Misses, The Ariana Grande Rift Tour Reinvigorated Fortnite",https://news.google.com/articles/CBMie2h0dHBzOi8vd3d3LmdhbWVzcG90LmNvbS9hcnRpY2xlcy9hZnRlci1jb25zZWN1dGl2ZS1taXNzZXMtdGhlLWFyaWFuYS1ncmFuZGUtcmlmdC10b3VyLXJlaW52aWdvcmF0ZWQtZm9ydG5pdGUvMTEwMC02NDk0OTI0L9IBf2h0dHBzOi8vd3d3LmdhbWVzcG90LmNvbS9hbXAtYXJ0aWNsZXMvYWZ0ZXItY29uc2VjdXRpdmUtbWlzc2VzLXRoZS1hcmlhbmEtZ3JhbmRlLXJpZnQtdG91ci1yZWludmlnb3JhdGVkLWZvcnRuaXRlLzExMDAtNjQ5NDkyNC8?hl=en-US&gl=US&ceid=US%3Aen,Technology,GameSpot,,2021-08-09T15:05:34Z,16.4,False
Fossil teases ‘way faster’ Gen 6 wearable days before Galaxy Watch 4 unveil,https://news.google.com/articles/CAIiEG3BrpB3mDWWeUAqXizEBZMqGQgEKhAIACoHCAowyoD5CjD5z-ACMM_rvwU?hl=en-US&gl=US&ceid=US%3Aen,Technology,9to5Google,https://news.google.com/publications/CAAqBwgKMMqA-Qow-c_gAg?hl=en-US&gl=US&ceid=US%3Aen,2021-08-09T16:18:21Z,17.0,False
"Fossil Gen 6 is ""Worth the Hype""",https://news.google.com/articles/CAIiEED3TFn1Y4RVJY7fYO_GpBgqFQgEKg0IACoGCAow5IIBMJAZML-NRA?hl=en-US&gl=US&ceid=US%3Aen,Technology,Droid Life,https://news.google.com/publications/CAAqBggKMOSCATCQGQ?hl=en-US&gl=US&ceid=US%3Aen,2021-08-09T18:10:32Z,17.1,False
Fossil teases 'way faster' Gen 6 smartwatch ahead of Galaxy Watch 4 launch,https://news.google.com/articles/CAIiEIAzpan1ENoEPlz6UNuv7b0qFAgEKg0IACoGCAowpYEBMMEXMLk_?hl=en-US&gl=US&ceid=US%3Aen,Technology,Android Central,https://news.google.com/publications/CAAqBggKMKWBATDBFw?hl=en-US&gl=US&ceid=US%3Aen,2021-08-09T18:24:12Z,17.2,False
Fossil hints a ‘way faster’ Gen 6 smartwatch is launching soon,https://news.google.com/articles/CAIiEKOEbSsQzfctIlopHH1nqzwqFggEKg4IACoGCAownt8nMPWBBjDgpx4?hl=en-US&gl=US&ceid=US%3Aen,Technology,Android Authority,https://news.google.com/publications/CAAqBggKMJ7fJzD1gQY?hl=en-US&gl=US&ceid=US%3Aen,2021-08-09T19:10:48Z,17.3,False
The 'way faster' Fossil Gen 6 smartwatch with Wear OS is 'coming'... sooner or later,https://news.google.com/articles/CBMiT2h0dHBzOi8vd3d3LnBob25lYXJlbmEuY29tL25ld3MvZm9zc2lsLWdlbi02LXdlYXItb3Mtc21hcnR3YXRjaC10ZWFzZXJfaWQxMzQyMTjSAVNodHRwczovL3d3dy5waG9uZWFyZW5hLmNvbS9hbXAvbmV3cy9mb3NzaWwtZ2VuLTYtd2Vhci1vcy1zbWFydHdhdGNoLXRlYXNlcl9pZDEzNDIxOA?hl=en-US&gl=US&ceid=US%3Aen,Technology,PhoneArena,,2021-08-09T19:55:51Z,17.4,False
iPhone 13 rumors: The latest buzz on Apple's 2021 iPhone (you don't want to miss it),https://news.google.com/articles/CAIiEPNqPFJmMHnC4Ogx1mbBXZ8qEwgEKgwIACoFCAow4GowoAgwkRo?hl=en-US&gl=US&ceid=US%3Aen,Technology,CNET,https://news.google.com/publications/CAAqBQgKMOBqMKAI?hl=en-US&gl=US&ceid=US%3Aen,2021-08-09T20:26:00Z,18.0,False
iPhone 13 purchase planned by 44% of US iPhone owners,https://news.google.com/articles/CAIiENA-6su96Xa2rxa0a69SJ-8qFggEKg0IACoGCAows4UBMMAaMNPRtQY?hl=en-US&gl=US&ceid=US%3Aen,Technology,9to5Mac,https://news.google.com/publications/CAAqBggKMLOFATDAGg?hl=en-US&gl=US&ceid=US%3Aen,2021-08-09T14:01:54Z,18.1,False
iPhone 13 Pro models will be excellent phones to hold on to for a long time,https://news.google.com/articles/CBMieWh0dHBzOi8vZm9ydW1zLm1hY3J1bW9ycy5jb20vdGhyZWFkcy9pcGhvbmUtMTMtcHJvLW1vZGVscy13aWxsLWJlLWV4Y2VsbGVudC1waG9uZXMtdG8taG9sZC1vbi10by1mb3ItYS1sb25nLXRpbWUuMjMwNzAxNC_SAQA?hl=en-US&gl=US&ceid=US%3Aen,Technology,macrumors.com,,2021-08-09T19:14:06Z,18.2,True
Apple iPhone 13 event date set?,https://news.google.com/articles/CCAiC0EtLVh1cFdoQU5nmAEB?hl=en-US&gl=US&ceid=US%3Aen,Technology,CNET,,2021-08-09T12:00:04Z,18.3,False
iPhone 13 rumoured to have longer battery life,https://news.google.com/articles/CAIiEPxs1di_aNyo8LetBxlJcbYqGQgEKhAIACoHCAowtIuXCzCHs64DMNODywY?hl=en-US&gl=US&ceid=US%3Aen,Technology,What Hi-Fi?,https://news.google.com/publications/CAAqBwgKMLSLlwswh7OuAw?hl=en-US&gl=US&ceid=US%3Aen,2021-08-09T10:29:36Z,18.4,False
The Covid delta variant isn't the only reason 'The Suicide Squad' underperformed at the box office,https://news.google.com/articles/CAIiEAhD05TndGJk2MwhkStx7pkqGQgEKhAIACoHCAow2Nb3CjDivdcCMJ_d7gU?hl=en-US&gl=US&ceid=US%3Aen,Entertainment,CNBC,https://news.google.com/publications/CAAqBwgKMNjW9wow4r3XAg?hl=en-US&gl=US&ceid=US%3Aen,2021-08-09T21:58:58Z,19.0,False
"'The Suicide Squad' Spoiler Review: James Gunn's Bloody, Messy Sequel Ultimately Has a Big Heart",https://news.google.com/articles/CBMidmh0dHBzOi8vd3d3LnNsYXNoZmlsbS5jb20vdGhlLXN1aWNpZGUtc3F1YWQtc3BvaWxlci1yZXZpZXctamFtZXMtZ3VubnMtYmxvb2R5LW1lc3N5LXNlcXVlbC11bHRpbWF0ZWx5LWhhcy1hLWJpZy1oZWFydC_SAQA?hl=en-US&gl=US&ceid=US%3Aen,Entertainment,/FILM,,2021-08-09T18:10:02Z,19.1,True
The Suicide Squad’s Underwhelming Box Office Debut Is a Lot More Complicated Than It Looks - IGN,https://news.google.com/articles/CAIiEMuSkEX3pTt7LfOOkC4qwx8qGQgEKhAIACoHCAownsqUCzD9kaoDMLyuyAY?hl=en-US&gl=US&ceid=US%3Aen,Entertainment,IGN,https://news.google.com/publications/CAAqBwgKMJ7KlAsw_ZGqAw?hl=en-US&gl=US&ceid=US%3Aen,2021-08-09T22:12:26Z,19.2,False
‘The Suicide Squad’ Star David Dastmalchian Explains Why Milton Was ‘Precious’ to Polka Dot Man,https://news.google.com/articles/CBMiWGh0dHBzOi8vd3d3LnlhaG9vLmNvbS9lbnRlcnRhaW5tZW50L3N1aWNpZGUtc3F1YWQtc3Rhci1kYXZpZC1kYXN0bWFsY2hpYW4tMDAyMDQ1MTQ1Lmh0bWzSAWBodHRwczovL3d3dy55YWhvby5jb20vYW1waHRtbC9lbnRlcnRhaW5tZW50L3N1aWNpZGUtc3F1YWQtc3Rhci1kYXZpZC1kYXN0bWFsY2hpYW4tMDAyMDQ1MTQ1Lmh0bWw?hl=en-US&gl=US&ceid=US%3Aen,Entertainment,Yahoo Entertainment,,2021-08-09T01:06:15Z,19.3,False
Guardians of the Galaxy Vol. 3 Confirmed as Gunn's Franchise Finale,https://news.google.com/articles/CAIiEP_6wwd_7rPMLEtujnEKqzMqGQgEKhAIACoHCAowvqWBCzCY4vwCMLSAtgY?hl=en-US&gl=US&ceid=US%3Aen,Entertainment,CBR - Comic Book Resources,https://news.google.com/publications/CAAqBwgKML6lgQswmOL8Ag?hl=en-US&gl=US&ceid=US%3Aen,2021-08-09T23:16:16Z,19.4,False
We're Mad We Didn't Think Of Rapper Saweetie's McDonald's Hacks First,https://news.google.com/articles/CBMiSmh0dHBzOi8vd3d3LnlhaG9vLmNvbS9saWZlc3R5bGUvd2VyZS1tYWQtZGlkbnQtdGhpbmstcmFwcGVyLTE4NDgwMDU3Mi5odG1s0gFSaHR0cHM6Ly93d3cueWFob28uY29tL2FtcGh0bWwvbGlmZXN0eWxlL3dlcmUtbWFkLWRpZG50LXRoaW5rLXJhcHBlci0xODQ4MDA1NzIuaHRtbA?hl=en-US&gl=US&ceid=US%3Aen,Entertainment,Yahoo Lifestyle,,2021-08-09T18:48:00Z,20.0,False
The Saweetie Meal | McDonald's,https://news.google.com/articles/CCAiC3R5ZGJQMmdmVUVZmAEB?hl=en-US&gl=US&ceid=US%3Aen,Entertainment,McDonald's,,2021-08-09T13:00:11Z,20.1,False
McDonald's 'Saweetie Meal' is the latest celebrity partnership for the fast food giant,https://news.google.com/articles/CBMiWmh0dHBzOi8vd3d3LmZveGJ1c2luZXNzLmNvbS9saWZlc3R5bGUvbWNkb25hbGRzLXNhd2VldGllLW1lYWwtbGF0ZXN0LWNlbGVicml0eS1wYXJ0bmVyc2hpcNIBXmh0dHBzOi8vd3d3LmZveGJ1c2luZXNzLmNvbS9saWZlc3R5bGUvbWNkb25hbGRzLXNhd2VldGllLW1lYWwtbGF0ZXN0LWNlbGVicml0eS1wYXJ0bmVyc2hpcC5hbXA?hl=en-US&gl=US&ceid=US%3Aen,Entertainment,Fox Business,,2021-08-09T15:24:47Z,20.2,False
Saweetie Meal arrives at McDonald's Monday for a limited time with a new ‘Saweetstakes’ contest,https://news.google.com/articles/CAIiEHSY_Myp6hKqztM8p6TgsQoqGQgEKhAIACoHCAowjsP7CjCSpPQCMPCg0wU?hl=en-US&gl=US&ceid=US%3Aen,Entertainment,USA TODAY,https://news.google.com/publications/CAAqBwgKMI7D-wowkqT0Ag?hl=en-US&gl=US&ceid=US%3Aen,2021-08-09T15:11:15Z,20.3,False
Bay Area native Saweetie launches new McDonald’s meal,https://news.google.com/articles/CBMiYGh0dHBzOi8vd3d3Lmtyb240LmNvbS9uZXdzL2JheS1hcmVhL2xpbWl0ZWQtdGltZS1yYXBwZXItc2F3ZWV0aWUtbGF1bmNoZXMtbmV3LW1lYWwtYXQtbWNkb25hbGRzL9IBZGh0dHBzOi8vd3d3Lmtyb240LmNvbS9uZXdzL2JheS1hcmVhL2xpbWl0ZWQtdGltZS1yYXBwZXItc2F3ZWV0aWUtbGF1bmNoZXMtbmV3LW1lYWwtYXQtbWNkb25hbGRzL2FtcC8?hl=en-US&gl=US&ceid=US%3Aen,Entertainment,KRON4,,2021-08-10T00:03:19Z,20.4,False
‘The Suicide Squad’ HBO Max Weekend Viewership Off 26% From ‘Mortal Kombat’ In Samba TV U.S. Households,https://news.google.com/articles/CAIiEHv4cpNJOV2qLSdxsuE1pBQqFggEKg0IACoGCAowoPUEMKAjMP-s7wY?hl=en-US&gl=US&ceid=US%3Aen,Entertainment,Deadline,https://news.google.com/publications/CAAqBggKMKD1BDCgIw?hl=en-US&gl=US&ceid=US%3Aen,2021-08-09T20:31:17Z,21.0,False
James Gunn Responds To Suicide Squad vs. Justice League Movie Pitch,https://news.google.com/articles/CAIiED0-x7QbbfDdApY52luGLbUqGQgEKhAIACoHCAownqWBCzD44fwCMLmktwY?hl=en-US&gl=US&ceid=US%3Aen,Entertainment,Screen Rant,https://news.google.com/publications/CAAqBwgKMJ6lgQsw-OH8Ag?hl=en-US&gl=US&ceid=US%3Aen,2021-08-09T13:35:06Z,21.1,False
There's a 'Guardians of the Galaxy' actress in 'The Suicide Squad' you probably missed hiding in plain sight,https://news.google.com/articles/CBMiTWh0dHBzOi8vbmV3cy55YWhvby5jb20vdGhlcmVzLWd1YXJkaWFucy1nYWxheHktYWN0cmVzcy1zdWljaWRlLTAyNDY1ODI3Mi5odG1s0gFVaHR0cHM6Ly9uZXdzLnlhaG9vLmNvbS9hbXBodG1sL3RoZXJlcy1ndWFyZGlhbnMtZ2FsYXh5LWFjdHJlc3Mtc3VpY2lkZS0wMjQ2NTgyNzIuaHRtbA?hl=en-US&gl=US&ceid=US%3Aen,Entertainment,Yahoo News,,2021-08-09T03:22:39Z,21.2,False
James Gunn Defends 'The Suicide Squad' HBO Max Release Strategy,https://news.google.com/articles/CAIiEADRf_MEG81qqgpJR9GpF-YqGQgEKhAIACoHCAowm_uDCzD7lIADMMz29QU?hl=en-US&gl=US&ceid=US%3Aen,Entertainment,UPROXX,https://news.google.com/publications/CAAqBwgKMJv7gwsw-5SAAw?hl=en-US&gl=US&ceid=US%3Aen,2021-08-09T16:32:57Z,21.3,False
'The Suicide Squad' Had a Rough Opening Weekend,https://news.google.com/articles/CBMiNWh0dHBzOi8vc2NyZWVuY3J1c2guY29tL3RoZS1zdWljaWRlLXNxdWFkLWJveC1vZmZpY2Uv0gEA?hl=en-US&gl=US&ceid=US%3Aen,Entertainment,ScreenCrush,,2021-08-09T14:32:10Z,21.4,False
DaBaby deletes Instagram apology for homophobic rant at recent concert,https://news.google.com/articles/CAIiEAWVDETftJxFYOSaqB1SFO4qGQgEKhAIACoHCAowwL2ICzCckocDMOOUqQY?hl=en-US&gl=US&ceid=US%3Aen,Entertainment,Fox News,https://news.google.com/publications/CAAqBwgKMMC9iAswnJKHAw?hl=en-US&gl=US&ceid=US%3Aen,2021-08-09T12:50:54Z,22.0,False
DaBaby cancels his apology to LGBT community,https://news.google.com/articles/CAIiEMCpEz2F6-kVgVtsbvvkchcqGQgEKhAIACoHCAowjsX7CjCSqvQCMOy1jwc?hl=en-US&gl=US&ceid=US%3Aen,Entertainment,The A.V. Club,https://news.google.com/publications/CAAqBwgKMI7F-wowkqr0Ag?hl=en-US&gl=US&ceid=US%3Aen,2021-08-09T15:17:00Z,22.1,False
"DaBaby Dupes Us All, Deletes Apology Statement to LGBTQ+ Community From Social Media",https://news.google.com/articles/CBMiTmh0dHBzOi8vd3d3LnlhaG9vLmNvbS9saWZlc3R5bGUvZGFiYWJ5LWR1cGVzLXVzLWRlbGV0ZXMtYXBvbG9neS0xNTAwMDAzMzQuaHRtbNIBVmh0dHBzOi8vd3d3LnlhaG9vLmNvbS9hbXBodG1sL2xpZmVzdHlsZS9kYWJhYnktZHVwZXMtdXMtZGVsZXRlcy1hcG9sb2d5LTE1MDAwMDMzNC5odG1s?hl=en-US&gl=US&ceid=US%3Aen,Entertainment,Yahoo Lifestyle,,2021-08-09T15:00:00Z,22.2,False
DaBaby's HIV rant — and Twitter apology — highlight hip-hop's LGBTQ problem,https://news.google.com/articles/CAIiEOWikeBrYpp5pakBzd7wmPAqGQgEKhAIACoHCAowvIaCCzDnxf4CMN6B8gU?hl=en-US&gl=US&ceid=US%3Aen,Entertainment,NBC News,https://news.google.com/publications/CAAqBwgKMLyGggsw58X-Ag?hl=en-US&gl=US&ceid=US%3Aen,2021-08-09T08:30:00Z,22.3,True
DaBaby Deletes Instagram Apology Statement to LGBTQ+ Community,https://news.google.com/articles/CAIiECQU41OUZecaIir4Y6l2LOwqGAgEKg8IACoHCAowyKPyCTD48nIw5JzCBg?hl=en-US&gl=US&ceid=US%3Aen,Entertainment,Pitchfork,https://news.google.com/publications/CAAqBwgKMMij8gkw-PJy?hl=en-US&gl=US&ceid=US%3Aen,2021-08-09T00:06:07Z,22.4,False
"Luka Doncic agrees to five-year, $207 million supermax rookie extension with Dallas Mavericks",https://news.google.com/articles/CBMigAFodHRwczovL3d3dy5lc3BuLmNvbS9uYmEvc3RvcnkvXy9pZC8zMTk5NDU3MC9sdWthLWRvbmNpYy1hZ3JlZXMtZml2ZS15ZWFyLTIwNy1taWxsaW9uLXN1cGVybWF4LXJvb2tpZS1leHRlbnNpb24tZGFsbGFzLW1hdmVyaWNrc9IBjQFodHRwczovL3d3dy5lc3BuLmNvbS9uYmEvc3RvcnkvXy9pZC8zMTk5NDU3MC9sdWthLWRvbmNpYy1hZ3JlZXMtZml2ZS15ZWFyLTIwNy1taWxsaW9uLXN1cGVybWF4LXJvb2tpZS1leHRlbnNpb24tZGFsbGFzLW1hdmVyaWNrcz9wbGF0Zm9ybT1hbXA?hl=en-US&gl=US&ceid=US%3Aen,Sports,ESPN,,2021-08-09T22:18:43Z,23.0,False
Luka Doncic agrees to landmark $207M extension with Mavericks,https://news.google.com/articles/CAIiEKVtRSPrm61ogKwqvynBs2IqGQgEKhAIACoHCAow8-P4CjDSst8CMIH9wwU?hl=en-US&gl=US&ceid=US%3Aen,Sports,Houston Chronicle ,https://news.google.com/publications/CAAqBwgKMPPj-Aow0rLfAg?hl=en-US&gl=US&ceid=US%3Aen,2021-08-10T01:10:40Z,23.1,False
Dallas Mavericks added on the potential destinations for Lauri Markkanen,https://news.google.com/articles/CBMiYWh0dHBzOi8vd3d3LmV1cm9ob29wcy5uZXQvZW4vbmJhLW5ld3MvMTIzNjYyNC9kYWxsYXMtbWF2ZXJpY2tzLWludGVyZXN0ZWQtaW4tbGF1cmktbWFya2thbmVuLW5iYS_SAWVodHRwczovL3d3dy5ldXJvaG9vcHMubmV0L2VuL25iYS1uZXdzLzEyMzY2MjQvZGFsbGFzLW1hdmVyaWNrcy1pbnRlcmVzdGVkLWluLWxhdXJpLW1hcmtrYW5lbi1uYmEvYW1wLw?hl=en-US&gl=US&ceid=US%3Aen,Sports,Eurohoops,,2021-08-08T16:20:00Z,23.2,False
Woj: Luka Doncic signs a 5-year/$207M supermax contract extension with the Mavs | SportsCenter,https://news.google.com/articles/CCAiC1JqM0hKaVBWY1VnmAEB?hl=en-US&gl=US&ceid=US%3Aen,Sports,ESPN,,2021-08-09T22:28:51Z,23.3,False
Mavericks' Luka Doncic makes history with supermax rookie extension,https://news.google.com/articles/CBMifGh0dHBzOi8vd3d3LnlhcmRiYXJrZXIuY29tL25iYS9hcnRpY2xlcy9tYXZlcmlja3NfbHVrYV9kb25jaWNfbWFrZXNfaGlzdG9yeV93aXRoX3N1cGVybWF4X3Jvb2tpZV9leHRlbnNpb24vczFfMTMxMzJfMzU1ODQ0MznSAYABaHR0cHM6Ly93d3cueWFyZGJhcmtlci5jb20vbmJhL2FydGljbGVzL2FtcC9tYXZlcmlja3NfbHVrYV9kb25jaWNfbWFrZXNfaGlzdG9yeV93aXRoX3N1cGVybWF4X3Jvb2tpZV9leHRlbnNpb24vczFfMTMxMzJfMzU1ODQ0Mzk?hl=en-US&gl=US&ceid=US%3Aen,Sports,Yardbarker,,2021-08-09T23:18:49Z,23.4,False
"Bill Belichick went to Hall of Fame ceremony, hopes to see a Patriot inducted next year",https://news.google.com/articles/CBMiiAFodHRwczovL3Byb2Zvb3RiYWxsdGFsay5uYmNzcG9ydHMuY29tLzIwMjEvMDgvMDkvYmlsbC1iZWxpY2hpY2std2VudC10by1oYWxsLW9mLWZhbWUtY2VyZW1vbnktaG9wZXMtdG8tc2VlLWEtcGF0cmlvdC1pbmR1Y3RlZC1uZXh0LXllYXIv0gGMAWh0dHBzOi8vcHJvZm9vdGJhbGx0YWxrLm5iY3Nwb3J0cy5jb20vMjAyMS8wOC8wOS9iaWxsLWJlbGljaGljay13ZW50LXRvLWhhbGwtb2YtZmFtZS1jZXJlbW9ueS1ob3Blcy10by1zZWUtYS1wYXRyaW90LWluZHVjdGVkLW5leHQteWVhci9hbXAv?hl=en-US&gl=US&ceid=US%3Aen,Sports,NBC Sports,,2021-08-09T20:09:00Z,24.0,False
"Peyton Manning gets in Tom Brady, Ray Lewis jokes but also gets emotional during HOF speech",https://news.google.com/articles/CBMiggFodHRwczovL3Nwb3J0cy55YWhvby5jb20vcGV5dG9uLW1hbm5pbmctZ2V0cy1pbi10b20tYnJhZHktcmF5LWxld2lzLWpva2VzLWJ1dC1hbHNvLWdldHMtZW1vdGlvbmFsLWR1cmluZy1ob2Ytc3BlZWNoLTAwNDEyMTYxMS5odG1s0gGKAWh0dHBzOi8vc3BvcnRzLnlhaG9vLmNvbS9hbXBodG1sL3BleXRvbi1tYW5uaW5nLWdldHMtaW4tdG9tLWJyYWR5LXJheS1sZXdpcy1qb2tlcy1idXQtYWxzby1nZXRzLWVtb3Rpb25hbC1kdXJpbmctaG9mLXNwZWVjaC0wMDQxMjE2MTEuaHRtbA?hl=en-US&gl=US&ceid=US%3Aen,Sports,Yahoo Sports,,2021-08-09T00:41:00Z,24.1,False
Former Bronco safety John Lynch sends strong message to the country while wrapping up his Hall of Fame speech,https://news.google.com/articles/CBMikQFodHRwczovL3d3dy45bmV3cy5jb20vYXJ0aWNsZS9zcG9ydHMvbmZsL2RlbnZlci1icm9uY29zL2Zvcm1lci1icm9uY28tam9obi1seW5jaC1oYWxsLW9mLWZhbWUtc3BlZWNoLTIwMjEvNzMtMzA2YjNmZmQtZjIyZi00NzRkLTlmMjItODA1ZjM2NzRjODYy0gGVAWh0dHBzOi8vd3d3LjluZXdzLmNvbS9hbXAvYXJ0aWNsZS9zcG9ydHMvbmZsL2RlbnZlci1icm9uY29zL2Zvcm1lci1icm9uY28tam9obi1seW5jaC1oYWxsLW9mLWZhbWUtc3BlZWNoLTIwMjEvNzMtMzA2YjNmZmQtZjIyZi00NzRkLTlmMjItODA1ZjM2NzRjODYy?hl=en-US&gl=US&ceid=US%3Aen,Sports,9News.com KUSA,,2021-08-09T10:41:15Z,24.2,False
‘The wait is over’ - Class of 2021 inducted into Pro Football Hall of Fame,https://news.google.com/articles/CAIiEKf44jEWS3cg9gKYItgVV-YqGQgEKhAIACoHCAow3qT_CjC1tPgCMLS-nwY?hl=en-US&gl=US&ceid=US%3Aen,Sports,cleveland.com,https://news.google.com/publications/CAAqBwgKMN6k_wowtbT4Ag?hl=en-US&gl=US&ceid=US%3Aen,2021-08-09T00:59:55Z,24.3,False
The next NFL commissioner? Peyton Manning should be on the short list.,https://news.google.com/articles/CBMibGh0dHBzOi8vc3BvcnRzLnlhaG9vLmNvbS90aGUtbmV4dC1uZmwtY29tbWlzc2lvbmVyLXBleXRvbi1tYW5uaW5nLXNob3VsZC1iZS1vbi10aGUtc2hvcnQtbGlzdC0xODI1MDE2NjEuaHRtbNIBdGh0dHBzOi8vc3BvcnRzLnlhaG9vLmNvbS9hbXBodG1sL3RoZS1uZXh0LW5mbC1jb21taXNzaW9uZXItcGV5dG9uLW1hbm5pbmctc2hvdWxkLWJlLW9uLXRoZS1zaG9ydC1saXN0LTE4MjUwMTY2MS5odG1s?hl=en-US&gl=US&ceid=US%3Aen,Sports,Yahoo Sports,,2021-08-09T18:25:01Z,24.4,True
"Tension between the New Orleans Saints and Michael Thomas is only getting worse | NFL News, Rankings and Statistics",https://news.google.com/articles/CBMicWh0dHBzOi8vd3d3LnBmZi5jb20vbmV3cy9uZmwtdGVuc2lvbi1iZXR3ZWVuLXRoZS1uZXctb3JsZWFucy1zYWludHMtYW5kLW1pY2hhZWwtdGhvbWFzLWlzLW9ubHktZ2V0dGluZy13b3JzZS0yMDIx0gEA?hl=en-US&gl=US&ceid=US%3Aen,Sports,Pro Football Focus,,2021-08-09T21:59:30Z,25.0,False
Michael Thomas implies Saints 'tried to damage' his reputation in cryptic tweet,https://news.google.com/articles/CBMieWh0dHBzOi8vc3BvcnRzLnlhaG9vLmNvbS9uZmwtbWljaGFlbC10aG9tYXMtaW1wbGllcy1zYWludHMtdHJpZWQtdG8tZGFtYWdlLWhpcy1yZXB1dGF0aW9uLWluLWNyeXB0aWMtdHdlZXQtMTQxOTAzNTk4Lmh0bWzSAYEBaHR0cHM6Ly9zcG9ydHMueWFob28uY29tL2FtcGh0bWwvbmZsLW1pY2hhZWwtdGhvbWFzLWltcGxpZXMtc2FpbnRzLXRyaWVkLXRvLWRhbWFnZS1oaXMtcmVwdXRhdGlvbi1pbi1jcnlwdGljLXR3ZWV0LTE0MTkwMzU5OC5odG1s?hl=en-US&gl=US&ceid=US%3Aen,Sports,Yahoo Sports,,2021-08-09T14:19:03Z,25.1,False
Michael Thomas rumors: Ranking seven potential landing spots if Saints look to trade disgruntled receiver,https://news.google.com/articles/CAIiEDKTRZOMkVeTUDfsaFJxpIIqFggEKg4IACoGCAow5tYTMODEAjCyugQ?hl=en-US&gl=US&ceid=US%3Aen,Sports,CBS Sports,https://news.google.com/publications/CAAqBggKMObWEzDgxAI?hl=en-US&gl=US&ceid=US%3Aen,2021-08-09T20:00:31Z,25.2,False
Michael Thomas is not happy with the New Orleans Saints,https://news.google.com/articles/CAIiEDwPDwIL8AlwplaPamuOCdgqGQgEKhAIACoHCAowveSVCzDghq0DMKaz6wY?hl=en-US&gl=US&ceid=US%3Aen,Sports,Who Dat Dish,https://news.google.com/publications/CAAqBwgKML3klQsw4IatAw?hl=en-US&gl=US&ceid=US%3Aen,2021-08-09T14:32:47Z,25.3,True
Sean Payton declines comment on Michael Thomas tweet,https://news.google.com/articles/CBMiTWh0dHBzOi8vd3d3Lm5mbC5jb20vbmV3cy9zZWFuLXBheXRvbi1kZWNsaW5lcy1jb21tZW50LW9uLW1pY2hhZWwtdGhvbWFzLXR3ZWV00gFNaHR0cHM6Ly93d3cubmZsLmNvbS9fYW1wL3NlYW4tcGF5dG9uLWRlY2xpbmVzLWNvbW1lbnQtb24tbWljaGFlbC10aG9tYXMtdHdlZXQ?hl=en-US&gl=US&ceid=US%3Aen,Sports,NFL.com,,2021-08-09T18:04:00Z,25.4,False
Saquon Barkley eyes Giants' opener after 'fun' training camp debut,https://news.google.com/articles/CAIiEMFQ8oxwcNiogFF4cnJk8sUqGAgEKg8IACoHCAowhK-LAjD4ySwwi9a0BQ?hl=en-US&gl=US&ceid=US%3Aen,Sports,New York Post ,https://news.google.com/publications/CAAqBwgKMISviwIw-Mks?hl=en-US&gl=US&ceid=US%3Aen,2021-08-09T22:20:16Z,26.0,False
Giants' Saquon Barkley (ACL) returns to practice,https://news.google.com/articles/CCAiC3pXYjN3ZUMzaWNVmAEB?hl=en-US&gl=US&ceid=US%3Aen,Sports,NJ.com,,2021-08-09T17:39:13Z,26.1,False
"Giants activate Saquon Barkley, Oshane Ximines",https://news.google.com/articles/CBMibGh0dHBzOi8vd3d3LmdpYW50cy5jb20vbmV3cy9zYXF1b24tYmFya2xleS1hY3RpdmF0ZWQtcHVwLWxpc3QtY2xlYXJlZC1mb3ItcmV0dXJuLWluanVyeS1zdGF0dXMtdHJhaW5pbmctY2FtcNIBAA?hl=en-US&gl=US&ceid=US%3Aen,Sports,Giants.com,,2021-08-09T16:13:35Z,26.2,False
Saquon Barkley returning to Giants practice in major step towards comeback,https://news.google.com/articles/CAIiEEPceHxa6gzNm3FXv1Vu5u0qGAgEKg8IACoHCAowhK-LAjD4ySwwi9a0BQ?hl=en-US&gl=US&ceid=US%3Aen,Sports,New York Post ,https://news.google.com/publications/CAAqBwgKMISviwIw-Mks?hl=en-US&gl=US&ceid=US%3Aen,2021-08-09T11:23:50Z,26.3,False
Saquon Barkley takes the field for the first time since ACL tear | Giants Training Camp | SNY,https://news.google.com/articles/CCAiC0VGX0VpcVdqQmJzmAEB?hl=en-US&gl=US&ceid=US%3Aen,Sports,SNY,,2021-08-09T18:48:10Z,26.4,False
1st Carnivorous Plant Identified In 20 Years Grows Near Vancouver,https://news.google.com/articles/CAIiEIcwWYXr-3uRovodb6T0RNIqFwgEKg4IACoGCAow9vBNMK3UCDCFpJYH?hl=en-US&gl=US&ceid=US%3Aen,Science,NPR,https://news.google.com/publications/CAAqBggKMPbwTTCt1Ag?hl=en-US&gl=US&ceid=US%3Aen,2021-08-09T21:33:20Z,27.0,False
A Carnivorous Plant Has Been Hiding in Plain Sight in North America,https://news.google.com/articles/CAIiEGBxvipyL2E5BizAfJq0_qwqFQgEKg0IACoGCAowlIECMLBMMJ-mHg?hl=en-US&gl=US&ceid=US%3Aen,Science,Gizmodo,https://news.google.com/publications/CAAqBggKMJSBAjCwTA?hl=en-US&gl=US&ceid=US%3Aen,2021-08-09T19:00:00Z,27.1,False
This Flower Hides a Secret: It’s Actually a Carnivore,https://news.google.com/articles/CAIiEHmu2jFPPJmH-uudtj8KV5MqFwgEKg8IACoHCAowjuuKAzCWrzwwxoIY?hl=en-US&gl=US&ceid=US%3Aen,Science,The New York Times,https://news.google.com/publications/CAAqBwgKMI7rigMwlq88?hl=en-US&gl=US&ceid=US%3Aen,2021-08-09T22:40:23Z,27.2,False
A Common North American Plant Was Just Discovered to Be Secretly Carnivorous,https://news.google.com/articles/CAIiEEVE2scR62mBL-DjmB44E-MqGQgEKhAIACoHCAowlv_6CjDu3vICMJCYjgY?hl=en-US&gl=US&ceid=US%3Aen,Science,ScienceAlert,https://news.google.com/publications/CAAqBwgKMJb_-gow7t7yAg?hl=en-US&gl=US&ceid=US%3Aen,2021-08-09T19:04:10Z,27.3,False
This meat-eating plant is only a part-time killer,https://news.google.com/articles/CBMiT2h0dHBzOi8vd3d3LnNjaWVuY2VtYWcub3JnL25ld3MvMjAyMS8wOC9tZWF0LWVhdGluZy1wbGFudC1vbmx5LXBhcnQtdGltZS1raWxsZXLSAQA?hl=en-US&gl=US&ceid=US%3Aen,Science,Science Magazine,,2021-08-09T21:35:00Z,27.4,False
"Best meteor show of summer, the Perseids, peaks this week",https://news.google.com/articles/CAIiEJWBHwU-PkR3dduY3ZQfcmQqGQgEKhAIACoHCAow_qT_CjDltPgCMILcpAY?hl=en-US&gl=US&ceid=US%3Aen,Science,MLive.com,https://news.google.com/publications/CAAqBwgKMP6k_wow5bT4Ag?hl=en-US&gl=US&ceid=US%3Aen,2021-08-09T18:53:28Z,28.0,False
Perseid meteor showers peak this week,https://news.google.com/articles/CCAiC0M0NXVBRVBDc1NzmAEB?hl=en-US&gl=US&ceid=US%3Aen,Science,KXAN,,2021-08-09T14:08:11Z,28.1,False
What to know about the heat wave expected to hit Boston this week,https://news.google.com/articles/CBMiZmh0dHBzOi8vd3d3LmJvc3Rvbi5jb20vbmV3cy93ZWF0aGVyLzIwMjEvMDgvMDkvaGVhdC13YXZlLWF1Z3VzdC0xMS0xMi0xMy13aGF0LXRvLWV4cGVjdC1tZXRlb3Itc2hvd2VyL9IBbGh0dHBzOi8vd3d3LmJvc3Rvbi5jb20vbmV3cy93ZWF0aGVyLzIwMjEvMDgvMDkvaGVhdC13YXZlLWF1Z3VzdC0xMS0xMi0xMy13aGF0LXRvLWV4cGVjdC1tZXRlb3Itc2hvd2VyLz9hbXA9MQ?hl=en-US&gl=US&ceid=US%3Aen,Science,Boston.com,,2021-08-09T20:00:00Z,28.2,False
The best meteor shower of the year peaks early Thursday,https://news.google.com/articles/CAIiEP_IPeK0zixuvZXCFf3VxOUqGQgEKhAIACoHCAow_tv9CjDL3PUCMJW91wU?hl=en-US&gl=US&ceid=US%3Aen,Science,SF Gate,https://news.google.com/publications/CAAqBwgKMP7b_Qowy9z1Ag?hl=en-US&gl=US&ceid=US%3Aen,2021-08-10T00:41:09Z,28.3,False
Catch some Perseid shooting stars! – Astronomy Now,https://news.google.com/articles/CBMiRmh0dHBzOi8vYXN0cm9ub215bm93LmNvbS8yMDIxLzA4LzA5L2NhdGNoLXNvbWUtcGVyc2VpZC1zaG9vdGluZy1zdGFycy_SAQA?hl=en-US&gl=US&ceid=US%3Aen,Science,Astronomy Now Online,,2021-08-09T08:10:54Z,28.4,False
NASA sun spacecraft whizzes through 9th solar flyby,https://news.google.com/articles/CAIiEJLr46zPQ7fu3TjnEHKHlAwqMwgEKioIACIQiaYKTaVj4jekEifjHCx8jCoUCAoiEImmCk2lY-I3pBIn4xwsfIww37rKBg?hl=en-US&gl=US&ceid=US%3Aen,Science,Space.com,https://news.google.com/publications/CAAiEImmCk2lY-I3pBIn4xwsfIwqFAgKIhCJpgpNpWPiN6QSJ-McLHyM?hl=en-US&gl=US&ceid=US%3Aen,2021-08-09T20:55:50Z,29.0,False
Venus gets 'unprecedented' double flyby this week,https://news.google.com/articles/CAIiEFfn1PHEghLE7Aysr-3ipNYqGQgEKhAIACoHCAowocv1CjCSptoCMPrTpgU?hl=en-US&gl=US&ceid=US%3Aen,Science,CNN,https://news.google.com/publications/CAAqBwgKMKHL9QowkqbaAg?hl=en-US&gl=US&ceid=US%3Aen,2021-08-09T17:07:45Z,29.1,False
Hot dates: 2 spacecraft to make Venus flyby,https://news.google.com/articles/CAIiEO796kTa4uODotaB2zdEy80qGAgEKg8IACoHCAowpbDpAzCm_hww3-XGBg?hl=en-US&gl=US&ceid=US%3Aen,Science,Phys.org,https://news.google.com/publications/CAAqBwgKMKWw6QMwpv4c?hl=en-US&gl=US&ceid=US%3Aen,2021-08-08T20:19:50Z,29.2,False
"Space Probes of ESA, NASA Set to Make Two Venus Flybys Within 33 Hours | The Weather Channel - Articles from The Weather Channel | weather.com",https://news.google.com/articles/CBMia2h0dHBzOi8vd2VhdGhlci5jb20vZW4tSU4vaW5kaWEvc3BhY2UvbmV3cy8yMDIxLTA4LTA5LXNwYWNlLXByb2Jlcy1vZi1lc2EtbmFzYS1zZXQtdG8tbWFrZS10d28tdmVudXMtZmx5Ynlz0gEA?hl=en-US&gl=US&ceid=US%3Aen,Science,The Weather Channel,,2021-08-09T11:03:45Z,29.3,False
European Space Agency to do a double fly-by of Venus,https://news.google.com/articles/CAIiENnRc5oR6HT_hh-qeZBYc_UqFwgEKg8IACoHCAoww5LyAzD2zh0wlq1V?hl=en-US&gl=US&ceid=US%3Aen,Science,DW (English),https://news.google.com/publications/CAAqBwgKMMOS8gMw9s4d?hl=en-US&gl=US&ceid=US%3Aen,2021-08-09T00:21:33Z,29.4,False
"Less Than 0.01 Percent of Vaccinated Americans Developed Severe COVID Breakthrough Case, CDC Says",https://news.google.com/articles/CBMiQmh0dHBzOi8vbmV3cy55YWhvby5jb20vbGVzcy0wLTAxLXBlcmNlbnQtdmFjY2luYXRlZC0xOTA1Mjg4NjMuaHRtbNIBSmh0dHBzOi8vbmV3cy55YWhvby5jb20vYW1waHRtbC9sZXNzLTAtMDEtcGVyY2VudC12YWNjaW5hdGVkLTE5MDUyODg2My5odG1s?hl=en-US&gl=US&ceid=US%3Aen,Health,Yahoo News,,2021-08-09T19:05:28Z,30.0,False
'Goldilocks virus': Delta vanquishes all variant rivals as scientists race to understand its tricks,https://news.google.com/articles/CAIiEACasWVWFVeYoJosFDD3_hwqGAgEKg8IACoHCAowjtSUCjC30XQwzqe5AQ?hl=en-US&gl=US&ceid=US%3Aen,Health,The Washington Post,https://news.google.com/publications/CAAqBwgKMI7UlAowt9F0?hl=en-US&gl=US&ceid=US%3Aen,2021-08-08T21:02:35Z,30.1,False
'Delta panic' and the 'forever pandemic' | TheHill,https://news.google.com/articles/CBMiUmh0dHBzOi8vdGhlaGlsbC5jb20vb3Bpbmlvbi9oZWFsdGhjYXJlLzU2Njk3MS1kZWx0YS1wYW5pYy1hbmQtdGhlLWZvcmV2ZXItcGFuZGVtaWPSAVZodHRwczovL3RoZWhpbGwuY29tL29waW5pb24vaGVhbHRoY2FyZS81NjY5NzEtZGVsdGEtcGFuaWMtYW5kLXRoZS1mb3JldmVyLXBhbmRlbWljP2FtcA?hl=en-US&gl=US&ceid=US%3Aen,Health,The Hill,,2021-08-09T16:30:07Z,30.2,True
US records nearly 100K new COVID-19 cases for 4 days straight l GMA,https://news.google.com/articles/CCAiC05udVBRTW5oeVI4mAEB?hl=en-US&gl=US&ceid=US%3Aen,Health,ABC News,,2021-08-09T13:55:50Z,30.3,False
"COVID-19 is back, because it never left",https://news.google.com/articles/CBMiVGh0dHBzOi8vaXN0aG11cy5jb20vb3Bpbmlvbi90aGUtbmV3LWNvbG9zc3VzL2NvdmlkLTE5LWlzLWJhY2stYmVjYXVzZS1pdC1uZXZlci1sZWZ0L9IBAA?hl=en-US&gl=US&ceid=US%3Aen,Health,Isthmus,,2021-08-09T18:10:44Z,30.4,True
Report: Florida leads country in hospitalized children with COVID-19 as school year approaches,https://news.google.com/articles/CAIiEKPzWIps8LqmQ24KImM5l4IqGAgEKg8IACoHCAowvKn6ATDm2hYw7MWYBg?hl=en-US&gl=US&ceid=US%3Aen,Health,WESH 2 Orlando,https://news.google.com/publications/CAAqBwgKMLyp-gEw5toW?hl=en-US&gl=US&ceid=US%3Aen,2021-08-09T21:45:00Z,31.0,False
COVID-Savannah Hospitals/Delta Variant Press Conf,https://news.google.com/articles/CCAiC1pDZDVaeS1kcjRBmAEB?hl=en-US&gl=US&ceid=US%3Aen,Health,FOX10 News,,2021-08-09T14:40:27Z,31.1,False
Delta Variant Is Sending More Children to the Hospital,https://news.google.com/articles/CAIiEJ_zzif8K-bm7GgOQmG7DgEqFwgEKg8IACoHCAowjuuKAzCWrzwwpoEY?hl=en-US&gl=US&ceid=US%3Aen,Health,The New York Times,https://news.google.com/publications/CAAqBwgKMI7rigMwlq88?hl=en-US&gl=US&ceid=US%3Aen,2021-08-09T15:16:41Z,31.2,False
What's the risk from the Delta variant in schools?,https://news.google.com/articles/CCAiC1pQUmNYZ2ViLVVVmAEB?hl=en-US&gl=US&ceid=US%3Aen,Health,WBAL-TV 11 Baltimore,,2021-08-09T11:54:47Z,31.3,False
Governor Baker needs to announce COVID-19 mandates for schools,https://news.google.com/articles/CBMiZ2h0dHBzOi8vd3d3LmJvc3Rvbmdsb2JlLmNvbS8yMDIxLzA4LzA5L29waW5pb24vZ292ZXJub3ItYmFrZXItbmVlZHMtYW5ub3VuY2UtY292aWQtMTktbWFuZGF0ZXMtc2Nob29scy_SAXZodHRwczovL3d3dy5ib3N0b25nbG9iZS5jb20vMjAyMS8wOC8wOS9vcGluaW9uL2dvdmVybm9yLWJha2VyLW5lZWRzLWFubm91bmNlLWNvdmlkLTE5LW1hbmRhdGVzLXNjaG9vbHMvP291dHB1dFR5cGU9YW1w?hl=en-US&gl=US&ceid=US%3Aen,Health,The Boston Globe,,2021-08-09T14:14:00Z,31.4,True
"Natural infection isn't enough to protect against COVID-19, experts say. You still need vaccine.",https://news.google.com/articles/CAIiEFqEoRBlD36iMwNQIeOIFDgqGQgEKhAIACoHCAowjsP7CjCSpPQCMM_b5QU?hl=en-US&gl=US&ceid=US%3Aen,Health,USA TODAY,https://news.google.com/publications/CAAqBwgKMI7D-wowkqT0Ag?hl=en-US&gl=US&ceid=US%3Aen,2021-08-09T19:38:18Z,32.0,False
COVID-19 hospitalizations in B.C. at one-month high,https://news.google.com/articles/CBMidWh0dHBzOi8vd3d3LnRyaWNpdHluZXdzLmNvbS9jb3JvbmF2aXJ1cy1jb3ZpZC0xOS1sb2NhbC1uZXdzL2NvdmlkLTE5LWhvc3BpdGFsaXphdGlvbnMtaW4tYmMtYXQtb25lLW1vbnRoLWhpZ2gtNDIwNjM1ONIBeWh0dHBzOi8vd3d3LnRyaWNpdHluZXdzLmNvbS9hbXAvY29yb25hdmlydXMtY292aWQtMTktbG9jYWwtbmV3cy9jb3ZpZC0xOS1ob3NwaXRhbGl6YXRpb25zLWluLWJjLWF0LW9uZS1tb250aC1oaWdoLTQyMDYzNTg?hl=en-US&gl=US&ceid=US%3Aen,Health,The Tri-City News,,2021-08-09T22:27:00Z,32.1,False
Do you need a COVID-19 vaccine to visit a newborn baby?,https://news.google.com/articles/CCAiC2gyYXFGOTc0R01vmAEB?hl=en-US&gl=US&ceid=US%3Aen,Health,Good Morning America,,2021-08-09T21:45:40Z,33.0,False
Hundreds gather outside Michigan Capitol for anti-vaccine mandate rally,https://news.google.com/articles/CCAiC3RfUTVHSXdaLUU4mAEB?hl=en-US&gl=US&ceid=US%3Aen,Health,MLive,,2021-08-09T17:36:35Z,33.1,False
Greenwood grapples with the coronavirus and vaccine hesitancy,https://news.google.com/articles/CBMia2h0dHBzOi8vYXJrdGltZXMuY29tL2Fya2Fuc2FzLWJsb2cvMjAyMS8wOC8wOS9ncmVlbndvb2QtZ3JhcHBsZXMtd2l0aC10aGUtY29yb25hdmlydXMtYW5kLXZhY2NpbmUtaGVzaXRhbmN50gEA?hl=en-US&gl=US&ceid=US%3Aen,Health,Arkansas Times,,2021-08-09T10:02:59Z,33.2,False
"No Shots, No Service",https://news.google.com/articles/CAIiEKfCBnYT1OIwiaovhtFnUC0qFwgEKg8IACoHCAowjuuKAzCWrzwwloEY?hl=en-US&gl=US&ceid=US%3Aen,Health,The New York Times,https://news.google.com/publications/CAAqBwgKMI7rigMwlq88?hl=en-US&gl=US&ceid=US%3Aen,2021-08-09T13:04:14Z,33.3,False
What Not to Do When Confronting Vaccine-Hesitant People | NBC10,https://news.google.com/articles/CCAiC29iNVRaM21WNlZVmAEB?hl=en-US&gl=US&ceid=US%3Aen,Health,NBC10 Philadelphia,,2021-08-09T18:16:47Z,33.4,False
